,employeeId,courseId,submittedAt,feedbackId,response
0,1,13,2024-10-07,1,2
1,1,42,2024-10-07,2,1
2,2,5,2024-10-07,3,5
3,2,14,2024-10-07,4,5
4,3,40,2024-10-07,5,5
5,3,13,2024-10-07,6,1
6,3,48,2024-10-07,7,3
7,3,36,2024-10-07,8,5
8,4,2,2024-10-07,9,2
9,4,21,2024-10-07,10,3
10,4,25,2024-10-07,11,3
11,4,20,2024-10-07,12,1
12,4,33,2024-10-07,13,1
13,5,17,2024-10-07,14,4
14,5,32,2024-10-07,15,3
15,5,14,2024-10-07,16,1
16,6,7,2024-10-07,17,2
17,6,12,2024-10-07,18,1
18,7,33,2024-10-07,19,4
19,7,44,2024-10-07,20,5
20,7,22,2024-10-07,21,3
21,8,8,2024-10-07,22,1
22,8,32,2024-10-07,23,2
23,8,38,2024-10-07,24,1
24,8,50,2024-10-07,25,5
25,8,25,2024-10-07,26,2
26,9,44,2024-10-07,27,4
27,9,31,2024-10-07,28,4
28,10,47,2024-10-07,29,5
29,10,6,2024-10-07,30,4
30,10,7,2024-10-07,31,4
31,10,50,2024-10-07,32,3
32,11,17,2024-10-07,33,2
33,11,10,2024-10-07,34,1
34,11,8,2024-10-07,35,2
35,12,27,2024-10-07,36,1
36,12,47,2024-10-07,37,1
37,13,49,2024-10-07,38,3
38,13,36,2024-10-07,39,4
39,13,10,2024-10-07,40,5
40,13,45,2024-10-07,41,4
41,13,46,2024-10-07,42,5
42,14,26,2024-10-07,43,5
43,14,9,2024-10-07,44,2
44,14,1,2024-10-07,45,1
45,15,14,2024-10-07,46,2
46,15,9,2024-10-07,47,4
47,15,37,2024-10-07,48,1
48,15,12,2024-10-07,49,4
49,16,41,2024-10-07,50,4
50,16,13,2024-10-07,51,5
51,16,4,2024-10-07,52,4
52,16,35,2024-10-07,53,4
53,17,34,2024-10-07,54,2
54,17,6,2024-10-07,55,3
55,17,14,2024-10-07,56,2
56,17,31,2024-10-07,57,3
57,18,2,2024-10-07,58,1
58,18,19,2024-10-07,59,4
59,18,13,2024-10-07,60,2
60,19,15,2024-10-07,61,4
61,19,13,2024-10-07,62,1
62,19,16,2024-10-07,63,4
63,19,38,2024-10-07,64,3
64,20,2,2024-10-07,65,3
65,20,1,2024-10-07,66,1
66,21,25,2024-10-07,67,5
67,21,23,2024-10-07,68,3
68,21,9,2024-10-07,69,3
69,22,32,2024-10-07,70,5
70,22,6,2024-10-07,71,2
71,23,45,2024-10-07,72,3
72,23,49,2024-10-07,73,5
73,23,3,2024-10-07,74,5
74,23,40,2024-10-07,75,3
75,24,50,2024-10-07,76,3
76,24,28,2024-10-07,77,1
77,24,4,2024-10-07,78,3
78,24,21,2024-10-07,79,5
79,25,32,2024-10-07,80,2
80,25,22,2024-10-07,81,4
81,26,49,2024-10-07,82,3
82,26,35,2024-10-07,83,2
83,26,31,2024-10-07,84,3
84,27,7,2024-10-07,85,3
85,27,23,2024-10-07,86,5
86,28,32,2024-10-07,87,4
87,28,2,2024-10-07,88,5
88,28,18,2024-10-07,89,1
89,29,47,2024-10-07,90,1
90,29,48,2024-10-07,91,5
91,29,41,2024-10-07,92,2
92,29,21,2024-10-07,93,4
93,29,2,2024-10-07,94,4
94,30,28,2024-10-07,95,2
95,30,16,2024-10-07,96,2
96,30,2,2024-10-07,97,5
97,30,20,2024-10-07,98,1
98,30,44,2024-10-07,99,5
99,31,20,2024-10-07,100,4
100,31,25,2024-10-07,101,4
101,31,3,2024-10-07,102,5
102,32,49,2024-10-07,103,3
103,32,42,2024-10-07,104,5
104,32,1,2024-10-07,105,4
105,32,9,2024-10-07,106,2
106,33,24,2024-10-07,107,2
107,33,44,2024-10-07,108,3
108,33,34,2024-10-07,109,3
109,34,35,2024-10-07,110,3
110,34,26,2024-10-07,111,2
111,34,40,2024-10-07,112,4
112,35,38,2024-10-07,113,2
113,35,28,2024-10-07,114,4
114,35,37,2024-10-07,115,1
115,35,26,2024-10-07,116,2
116,35,24,2024-10-07,117,5
117,36,28,2024-10-07,118,3
118,36,36,2024-10-07,119,4
119,36,42,2024-10-07,120,3
120,37,31,2024-10-07,121,1
121,37,45,2024-10-07,122,2
122,37,24,2024-10-07,123,3
123,38,10,2024-10-07,124,2
124,38,15,2024-10-07,125,4
125,39,37,2024-10-07,126,1
126,39,29,2024-10-07,127,1
127,40,49,2024-10-07,128,5
128,40,8,2024-10-07,129,2
129,40,24,2024-10-07,130,1
130,40,6,2024-10-07,131,5
131,40,15,2024-10-07,132,5
132,41,39,2024-10-07,133,3
133,41,14,2024-10-07,134,5
134,41,17,2024-10-07,135,3
135,41,29,2024-10-07,136,1
136,41,9,2024-10-07,137,3
137,42,16,2024-10-07,138,4
138,42,36,2024-10-07,139,5
139,42,10,2024-10-07,140,3
140,42,42,2024-10-07,141,5
141,43,6,2024-10-07,142,1
142,43,36,2024-10-07,143,3
143,43,15,2024-10-07,144,2
144,44,14,2024-10-07,145,3
145,44,31,2024-10-07,146,5
146,44,15,2024-10-07,147,2
147,44,21,2024-10-07,148,1
148,44,23,2024-10-07,149,4
149,45,2,2024-10-07,150,1
150,45,3,2024-10-07,151,1
151,45,18,2024-10-07,152,5
152,45,22,2024-10-07,153,4
153,45,45,2024-10-07,154,5
154,46,17,2024-10-07,155,1
155,46,34,2024-10-07,156,1
156,46,47,2024-10-07,157,3
157,46,26,2024-10-07,158,5
158,46,16,2024-10-07,159,5
159,47,12,2024-10-07,160,2
160,47,41,2024-10-07,161,3
161,47,34,2024-10-07,162,4
162,47,32,2024-10-07,163,4
163,48,43,2024-10-07,164,3
164,48,31,2024-10-07,165,1
165,49,48,2024-10-07,166,3
166,49,41,2024-10-07,167,4
167,49,31,2024-10-07,168,5
168,50,7,2024-10-07,169,5
169,50,44,2024-10-07,170,1
170,51,44,2024-10-07,171,5
171,51,8,2024-10-07,172,2
172,51,9,2024-10-07,173,4
173,52,43,2024-10-07,174,5
174,52,39,2024-10-07,175,2
175,52,50,2024-10-07,176,4
176,52,28,2024-10-07,177,5
177,52,38,2024-10-07,178,4
178,53,8,2024-10-07,179,3
179,53,42,2024-10-07,180,1
180,53,44,2024-10-07,181,4
181,54,8,2024-10-07,182,5
182,54,1,2024-10-07,183,5
183,55,19,2024-10-07,184,2
184,55,33,2024-10-07,185,4
185,55,45,2024-10-07,186,2
186,56,19,2024-10-07,187,4
187,56,32,2024-10-07,188,3
188,56,40,2024-10-07,189,1
189,57,16,2024-10-07,190,3
190,57,21,2024-10-07,191,2
191,57,33,2024-10-07,192,4
192,58,28,2024-10-07,193,4
193,58,34,2024-10-07,194,3
194,58,3,2024-10-07,195,3
195,58,25,2024-10-07,196,1
196,59,7,2024-10-07,197,5
197,59,46,2024-10-07,198,5
198,59,5,2024-10-07,199,1
199,60,50,2024-10-07,200,2
200,60,9,2024-10-07,201,5
201,60,2,2024-10-07,202,3
202,60,23,2024-10-07,203,4
203,60,38,2024-10-07,204,2
204,61,39,2024-10-07,205,3
205,61,29,2024-10-07,206,3
206,61,6,2024-10-07,207,3
207,61,21,2024-10-07,208,2
208,62,7,2024-10-07,209,3
209,62,12,2024-10-07,210,2
210,62,10,2024-10-07,211,5
211,62,37,2024-10-07,212,1
212,63,2,2024-10-07,213,5
213,63,24,2024-10-07,214,5
214,63,31,2024-10-07,215,4
215,63,50,2024-10-07,216,2
216,63,28,2024-10-07,217,4
217,64,45,2024-10-07,218,2
218,64,31,2024-10-07,219,1
219,64,16,2024-10-07,220,5
220,65,37,2024-10-07,221,4
221,65,16,2024-10-07,222,2
222,66,17,2024-10-07,223,2
223,66,42,2024-10-07,224,2
224,66,25,2024-10-07,225,2
225,67,13,2024-10-07,226,2
226,67,28,2024-10-07,227,4
227,67,25,2024-10-07,228,3
228,67,18,2024-10-07,229,4
229,67,4,2024-10-07,230,5
230,68,4,2024-10-07,231,5
231,68,2,2024-10-07,232,1
232,69,9,2024-10-07,233,2
233,69,26,2024-10-07,234,3
234,69,48,2024-10-07,235,2
235,70,38,2024-10-07,236,4
236,70,31,2024-10-07,237,5
237,71,30,2024-10-07,238,3
238,71,27,2024-10-07,239,4
239,71,22,2024-10-07,240,3
240,71,48,2024-10-07,241,1
241,72,31,2024-10-07,242,3
242,72,20,2024-10-07,243,5
243,73,32,2024-10-07,244,5
244,73,10,2024-10-07,245,1
245,73,14,2024-10-07,246,1
246,73,16,2024-10-07,247,2
247,73,5,2024-10-07,248,2
248,74,10,2024-10-07,249,2
249,74,27,2024-10-07,250,5
250,74,15,2024-10-07,251,3
251,74,37,2024-10-07,252,1
252,75,20,2024-10-07,253,5
253,75,39,2024-10-07,254,3
254,75,2,2024-10-07,255,2
255,75,5,2024-10-07,256,3
256,76,39,2024-10-07,257,3
257,76,37,2024-10-07,258,1
258,76,38,2024-10-07,259,2
259,77,27,2024-10-07,260,4
260,77,18,2024-10-07,261,4
261,77,40,2024-10-07,262,1
262,77,21,2024-10-07,263,5
263,78,4,2024-10-07,264,4
264,78,36,2024-10-07,265,5
265,78,17,2024-10-07,266,3
266,78,24,2024-10-07,267,2
267,79,19,2024-10-07,268,3
268,79,48,2024-10-07,269,1
269,79,31,2024-10-07,270,4
270,80,45,2024-10-07,271,4
271,80,16,2024-10-07,272,1
272,80,7,2024-10-07,273,4
273,80,14,2024-10-07,274,4
274,81,44,2024-10-07,275,5
275,81,31,2024-10-07,276,3
276,81,1,2024-10-07,277,5
277,81,37,2024-10-07,278,3
278,81,45,2024-10-07,279,1
279,82,49,2024-10-07,280,5
280,82,20,2024-10-07,281,2
281,82,38,2024-10-07,282,3
282,83,6,2024-10-07,283,5
283,83,36,2024-10-07,284,5
284,83,42,2024-10-07,285,1
285,83,50,2024-10-07,286,5
286,83,46,2024-10-07,287,1
287,84,38,2024-10-07,288,1
288,84,22,2024-10-07,289,5
289,84,34,2024-10-07,290,5
290,84,37,2024-10-07,291,4
291,84,23,2024-10-07,292,4
292,85,47,2024-10-07,293,2
293,85,5,2024-10-07,294,5
294,86,13,2024-10-07,295,4
295,86,30,2024-10-07,296,5
296,87,50,2024-10-07,297,2
297,87,30,2024-10-07,298,3
298,88,29,2024-10-07,299,3
299,88,18,2024-10-07,300,1
300,88,2,2024-10-07,301,4
301,88,44,2024-10-07,302,2
302,89,33,2024-10-07,303,2
303,89,9,2024-10-07,304,2
304,89,27,2024-10-07,305,5
305,89,3,2024-10-07,306,1
306,90,14,2024-10-07,307,2
307,90,15,2024-10-07,308,4
308,90,22,2024-10-07,309,5
309,90,34,2024-10-07,310,2
310,91,49,2024-10-07,311,5
311,91,5,2024-10-07,312,1
312,91,2,2024-10-07,313,2
313,91,48,2024-10-07,314,1
314,91,4,2024-10-07,315,4
315,92,42,2024-10-07,316,5
316,92,41,2024-10-07,317,5
317,92,35,2024-10-07,318,3
318,92,13,2024-10-07,319,3
319,92,49,2024-10-07,320,3
320,93,23,2024-10-07,321,3
321,93,43,2024-10-07,322,5
322,93,47,2024-10-07,323,2
323,94,4,2024-10-07,324,1
324,94,12,2024-10-07,325,5
325,95,7,2024-10-07,326,4
326,95,13,2024-10-07,327,5
327,96,43,2024-10-07,328,4
328,96,16,2024-10-07,329,5
329,96,30,2024-10-07,330,3
330,96,20,2024-10-07,331,1
331,96,14,2024-10-07,332,2
332,97,16,2024-10-07,333,4
333,97,6,2024-10-07,334,1
334,98,43,2024-10-07,335,4
335,98,44,2024-10-07,336,4
336,98,1,2024-10-07,337,2
337,98,13,2024-10-07,338,1
338,98,19,2024-10-07,339,4
339,99,34,2024-10-07,340,5
340,99,47,2024-10-07,341,3
341,99,37,2024-10-07,342,3
342,99,46,2024-10-07,343,4
343,99,50,2024-10-07,344,1
344,100,24,2024-10-07,345,5
345,100,3,2024-10-07,346,3
346,100,28,2024-10-07,347,4
347,100,13,2024-10-07,348,4
