id,employeeId,courseId,progress,completedChapters,timeSpent,status,startedAt,updatedAt
1,1,13,28.57142857142857,4,4279,inprogress,2024-09-21 07:30:00,2024-10-07 11:06:43.341350
2,1,42,83.33333333333334,1,1380,inprogress,2022-12-23 15:57:43,2024-10-07 11:06:43.341411
3,2,5,50.0,1,2468,inprogress,2022-05-19 20:09:53,2024-10-07 11:06:43.341488
4,2,14,16.666666666666664,3,5037,inprogress,2023-11-04 23:33:09,2024-10-07 11:06:43.341540
5,3,40,57.14285714285714,4,4650,inprogress,2021-10-28 03:29:22,2024-10-07 11:06:43.341612
6,3,13,42.85714285714285,1,5866,inprogress,2022-08-06 05:58:39,2024-10-07 11:06:43.341662
7,3,48,25.0,2,9665,inprogress,2022-08-21 16:01:09,2024-10-07 11:06:43.341705
8,3,36,50.0,2,7083,inprogress,2021-09-17 11:42:15,2024-10-07 11:06:43.341745
9,4,2,66.66666666666666,2,8179,inprogress,2023-06-22 02:19:12,2024-10-07 11:06:43.341818
10,4,21,50.0,2,4458,inprogress,2023-05-15 09:47:31,2024-10-07 11:06:43.341880
11,4,25,100.0,2,5434,completed,2022-02-10 03:06:08,2024-10-07 11:06:43.341934
12,4,20,16.666666666666664,3,9567,inprogress,2024-03-29 15:46:17,2024-10-07 11:06:43.341987
13,4,33,12.5,4,7900,inprogress,2020-05-09 01:25:57,2024-10-07 11:06:43.342025
14,5,17,83.33333333333334,3,2946,inprogress,2023-03-18 14:01:43,2024-10-07 11:06:43.342073
15,5,32,87.5,4,9333,inprogress,2024-06-14 05:12:00,2024-10-07 11:06:43.342123
16,5,14,50.0,1,4241,inprogress,2023-07-01 02:46:44,2024-10-07 11:06:43.342178
17,6,7,40.0,4,4417,inprogress,2020-10-20 08:50:01,2024-10-07 11:06:43.342232
18,6,12,75.0,4,6786,inprogress,2020-08-19 09:23:18,2024-10-07 11:06:43.342281
19,7,33,100.0,5,5250,completed,2023-03-28 05:42:05,2024-10-07 11:06:43.342336
20,7,44,40.0,2,9701,inprogress,2023-12-04 11:02:29,2024-10-07 11:06:43.342387
21,7,22,50.0,3,7766,inprogress,2022-07-07 10:11:46,2024-10-07 11:06:43.342428
22,8,8,50.0,6,8654,inprogress,2020-02-18 14:13:08,2024-10-07 11:06:43.342478
23,8,32,75.0,1,7743,inprogress,2021-01-13 05:14:41,2024-10-07 11:06:43.342539
24,8,38,14.285714285714285,2,5778,inprogress,2023-01-27 13:52:18,2024-10-07 11:06:43.342590
25,8,50,0.0,2,9371,enrolled,2020-09-08 07:03:53,2024-10-07 11:06:43.342648
26,8,25,50.0,1,3325,inprogress,2023-08-25 09:52:02,2024-10-07 11:06:43.342689
27,9,44,40.0,2,8418,inprogress,2020-06-29 01:18:19,2024-10-07 11:06:43.342760
28,9,31,66.66666666666666,1,5033,inprogress,2023-07-06 11:30:47,2024-10-07 11:06:43.342800
29,10,47,50.0,1,5467,inprogress,2021-09-21 07:02:21,2024-10-07 11:06:43.342859
30,10,6,30.0,3,3145,inprogress,2022-05-04 16:47:21,2024-10-07 11:06:43.342911
31,10,7,10.0,3,4546,inprogress,2024-06-13 21:18:37,2024-10-07 11:06:43.342964
32,10,50,57.14285714285714,1,4138,inprogress,2021-06-29 00:37:48,2024-10-07 11:06:43.343003
33,11,17,50.0,3,8271,inprogress,2024-02-02 23:21:16,2024-10-07 11:06:43.343055
34,11,10,80.0,1,5345,inprogress,2024-01-03 17:54:10,2024-10-07 11:06:43.343100
35,11,8,50.0,4,9747,inprogress,2023-05-19 00:45:38,2024-10-07 11:06:43.343143
36,12,27,80.0,2,6154,inprogress,2022-11-02 16:06:11,2024-10-07 11:06:43.343195
37,12,47,25.0,4,8815,inprogress,2023-01-01 16:05:54,2024-10-07 11:06:43.343240
38,13,49,14.285714285714285,3,7437,inprogress,2022-08-15 11:51:52,2024-10-07 11:06:43.343285
39,13,36,25.0,4,8968,inprogress,2022-08-15 02:36:49,2024-10-07 11:06:43.343322
40,13,10,60.0,5,9297,inprogress,2020-10-31 19:41:12,2024-10-07 11:06:43.343359
41,13,45,25.0,1,7744,inprogress,2020-06-09 01:33:35,2024-10-07 11:06:43.343399
42,13,46,20.0,3,2091,inprogress,2020-11-25 09:20:18,2024-10-07 11:06:43.343448
43,14,26,60.0,6,1033,inprogress,2024-07-30 18:11:30,2024-10-07 11:06:43.343520
44,14,9,80.0,5,1868,inprogress,2022-05-13 19:31:03,2024-10-07 11:06:43.343592
45,14,1,44.44444444444444,3,8497,inprogress,2021-12-04 04:19:05,2024-10-07 11:06:43.343681
46,15,14,16.666666666666664,6,7628,inprogress,2024-08-05 05:47:18,2024-10-07 11:06:43.343756
47,15,9,70.0,5,4184,inprogress,2021-04-10 10:20:37,2024-10-07 11:06:43.343806
48,15,37,33.33333333333333,3,3099,inprogress,2023-12-18 12:30:09,2024-10-07 11:06:43.343860
49,15,12,50.0,2,5269,inprogress,2020-12-07 01:00:37,2024-10-07 11:06:43.343906
50,16,41,16.666666666666664,2,1976,inprogress,2021-08-06 15:20:06,2024-10-07 11:06:43.343975
51,16,13,42.85714285714285,1,6293,inprogress,2024-04-12 23:32:46,2024-10-07 11:06:43.344025
52,16,4,0.0,2,6539,enrolled,2023-03-18 21:46:47,2024-10-07 11:06:43.344075
53,16,35,16.666666666666664,3,8558,inprogress,2023-05-11 03:31:27,2024-10-07 11:06:43.344113
54,17,34,57.14285714285714,4,9109,inprogress,2024-09-02 01:11:40,2024-10-07 11:06:43.344161
55,17,6,40.0,5,9469,inprogress,2020-12-10 01:06:17,2024-10-07 11:06:43.344207
56,17,14,33.33333333333333,4,1892,inprogress,2024-09-27 20:27:28,2024-10-07 11:06:43.344370
57,17,31,33.33333333333333,2,3954,inprogress,2020-06-17 10:06:34,2024-10-07 11:06:43.344439
58,18,2,66.66666666666666,1,1358,inprogress,2020-05-29 11:56:14,2024-10-07 11:06:43.344490
59,18,19,80.0,2,1906,inprogress,2022-04-19 09:43:00,2024-10-07 11:06:43.344534
60,18,13,71.42857142857143,4,5125,inprogress,2022-03-05 03:34:33,2024-10-07 11:06:43.344581
61,19,15,42.85714285714285,4,6532,inprogress,2022-06-08 09:44:02,2024-10-07 11:06:43.344647
62,19,13,0.0,5,8550,enrolled,2021-08-20 09:32:46,2024-10-07 11:06:43.344703
63,19,16,100.0,2,2209,completed,2022-02-26 06:23:02,2024-10-07 11:06:43.344738
64,19,38,42.85714285714285,5,6225,inprogress,2021-02-03 17:05:04,2024-10-07 11:06:43.344786
65,20,2,0.0,2,4072,enrolled,2020-09-16 12:44:55,2024-10-07 11:06:43.344854
66,20,1,88.88888888888889,3,9163,inprogress,2021-03-13 20:30:24,2024-10-07 11:06:43.344903
67,21,25,75.0,2,6968,inprogress,2024-06-15 04:52:50,2024-10-07 11:06:43.344963
68,21,23,100.0,5,6959,completed,2021-11-17 00:09:13,2024-10-07 11:06:43.345021
69,21,9,50.0,4,9515,inprogress,2024-08-26 00:33:25,2024-10-07 11:06:43.345084
70,22,32,50.0,2,8838,inprogress,2021-08-27 18:14:18,2024-10-07 11:06:43.345150
71,22,6,90.0,5,2497,inprogress,2022-11-27 23:25:10,2024-10-07 11:06:43.345195
72,23,45,25.0,1,1165,inprogress,2022-05-29 05:06:21,2024-10-07 11:06:43.345253
73,23,49,57.14285714285714,2,4280,inprogress,2020-02-18 22:28:26,2024-10-07 11:06:43.345292
74,23,3,66.66666666666666,4,8807,inprogress,2020-10-04 03:02:12,2024-10-07 11:06:43.345336
75,23,40,71.42857142857143,4,3609,inprogress,2023-01-10 02:18:49,2024-10-07 11:06:43.345389
76,24,50,28.57142857142857,3,7236,inprogress,2021-03-16 06:00:55,2024-10-07 11:06:43.345442
77,24,28,87.5,2,1071,inprogress,2022-03-29 19:43:02,2024-10-07 11:06:43.345482
78,24,4,14.285714285714285,2,3696,inprogress,2023-04-28 18:43:54,2024-10-07 11:06:43.345537
79,24,21,25.0,1,7926,inprogress,2023-09-04 04:43:02,2024-10-07 11:06:43.345575
80,25,32,25.0,1,9465,inprogress,2020-06-17 15:23:34,2024-10-07 11:06:43.345622
81,25,22,75.0,3,9578,inprogress,2023-06-05 14:13:56,2024-10-07 11:06:43.345659
82,26,49,57.14285714285714,3,5103,inprogress,2022-07-18 21:55:01,2024-10-07 11:06:43.345712
83,26,35,83.33333333333334,3,1473,inprogress,2022-08-12 11:02:15,2024-10-07 11:06:43.345767
84,26,31,33.33333333333333,3,2874,inprogress,2021-06-28 11:31:29,2024-10-07 11:06:43.345815
85,27,7,70.0,6,6347,inprogress,2022-10-12 08:05:22,2024-10-07 11:06:43.345865
86,27,23,71.42857142857143,4,9919,inprogress,2023-12-10 09:20:27,2024-10-07 11:06:43.345937
87,28,32,0.0,5,3953,enrolled,2023-03-12 13:01:57,2024-10-07 11:06:43.345995
88,28,2,66.66666666666666,2,2673,inprogress,2024-04-25 06:49:13,2024-10-07 11:06:43.346029
89,28,18,25.0,3,4788,inprogress,2021-08-14 07:39:49,2024-10-07 11:06:43.346160
90,29,47,50.0,2,6127,inprogress,2022-11-26 07:39:16,2024-10-07 11:06:43.346215
91,29,48,37.5,4,7037,inprogress,2023-10-12 00:43:20,2024-10-07 11:06:43.346265
92,29,41,33.33333333333333,2,4812,inprogress,2020-09-16 20:31:06,2024-10-07 11:06:43.346320
93,29,21,12.5,5,8592,inprogress,2020-09-14 19:58:09,2024-10-07 11:06:43.346369
94,29,2,0.0,2,9986,enrolled,2020-06-24 21:20:32,2024-10-07 11:06:43.346413
95,30,28,0.0,3,2919,enrolled,2022-01-18 20:44:34,2024-10-07 11:06:43.346463
96,30,16,50.0,4,3397,inprogress,2023-05-07 16:17:55,2024-10-07 11:06:43.346500
97,30,2,50.0,4,7124,inprogress,2020-03-24 03:30:23,2024-10-07 11:06:43.346551
98,30,20,16.666666666666664,2,4927,inprogress,2021-10-04 17:29:53,2024-10-07 11:06:43.346590
99,30,44,40.0,4,6864,inprogress,2021-06-21 15:02:10,2024-10-07 11:06:43.346635
100,31,20,66.66666666666666,4,6249,inprogress,2020-07-29 21:22:22,2024-10-07 11:06:43.346708
101,31,25,50.0,4,1679,inprogress,2022-07-21 15:30:37,2024-10-07 11:06:43.346757
102,31,3,55.55555555555556,2,7065,inprogress,2024-07-27 12:07:58,2024-10-07 11:06:43.346798
103,32,49,57.14285714285714,5,7446,inprogress,2021-12-30 07:54:04,2024-10-07 11:06:43.346871
104,32,42,16.666666666666664,3,5568,inprogress,2022-06-15 01:06:32,2024-10-07 11:06:43.346916
105,32,1,33.33333333333333,6,7338,inprogress,2022-09-11 21:35:43,2024-10-07 11:06:43.346968
106,32,9,40.0,5,2822,inprogress,2020-06-23 19:29:54,2024-10-07 11:06:43.347032
107,33,24,55.55555555555556,1,5219,inprogress,2021-03-13 08:25:22,2024-10-07 11:06:43.347086
108,33,44,40.0,1,8779,inprogress,2020-07-12 17:26:18,2024-10-07 11:06:43.347133
109,33,34,57.14285714285714,4,9308,inprogress,2023-08-25 21:16:42,2024-10-07 11:06:43.347180
110,34,35,50.0,4,8471,inprogress,2023-03-19 12:10:02,2024-10-07 11:06:43.347255
111,34,26,60.0,1,5482,inprogress,2021-09-20 00:35:24,2024-10-07 11:06:43.347298
112,34,40,71.42857142857143,2,3736,inprogress,2020-03-15 02:45:04,2024-10-07 11:06:43.347347
113,35,38,28.57142857142857,6,7590,inprogress,2022-09-23 09:00:28,2024-10-07 11:06:43.347399
114,35,28,37.5,1,3393,inprogress,2023-12-03 08:53:03,2024-10-07 11:06:43.347442
115,35,37,44.44444444444444,5,8104,inprogress,2020-07-23 09:27:38,2024-10-07 11:06:43.347484
116,35,26,30.0,2,6253,inprogress,2024-02-23 13:44:38,2024-10-07 11:06:43.347530
117,35,24,44.44444444444444,5,3542,inprogress,2022-02-09 09:02:50,2024-10-07 11:06:43.347571
118,36,28,62.5,3,2183,inprogress,2021-09-01 13:19:03,2024-10-07 11:06:43.347618
119,36,36,37.5,4,4789,inprogress,2022-08-12 00:09:36,2024-10-07 11:06:43.347661
120,36,42,50.0,3,1492,inprogress,2021-03-13 17:40:37,2024-10-07 11:06:43.347704
121,37,31,33.33333333333333,2,4030,inprogress,2022-08-16 19:11:55,2024-10-07 11:06:43.347751
122,37,45,50.0,2,3454,inprogress,2020-04-30 09:43:15,2024-10-07 11:06:43.347789
123,37,24,44.44444444444444,1,8668,inprogress,2023-06-28 21:57:14,2024-10-07 11:06:43.347832
124,38,10,60.0,3,5460,inprogress,2023-10-03 09:46:12,2024-10-07 11:06:43.347887
125,38,15,85.71428571428571,1,5828,inprogress,2022-06-17 07:26:03,2024-10-07 11:06:43.347950
126,39,37,22.22222222222222,3,8482,inprogress,2020-11-13 05:59:48,2024-10-07 11:06:43.348007
127,39,29,75.0,4,3152,inprogress,2024-07-03 02:35:35,2024-10-07 11:06:43.348051
128,40,49,42.85714285714285,1,1214,inprogress,2021-02-19 09:10:39,2024-10-07 11:06:43.348117
129,40,8,66.66666666666666,2,9288,inprogress,2021-02-06 21:35:37,2024-10-07 11:06:43.348160
130,40,24,55.55555555555556,3,2775,inprogress,2024-04-12 04:07:39,2024-10-07 11:06:43.348216
131,40,6,50.0,3,8789,inprogress,2022-04-03 07:03:51,2024-10-07 11:06:43.348287
132,40,15,71.42857142857143,2,6375,inprogress,2023-09-13 19:17:06,2024-10-07 11:06:43.348369
133,41,39,60.0,3,4868,inprogress,2022-12-03 16:00:21,2024-10-07 11:06:43.348437
134,41,14,33.33333333333333,3,8914,inprogress,2022-10-05 03:04:41,2024-10-07 11:06:43.348481
135,41,17,66.66666666666666,2,6140,inprogress,2022-06-03 12:25:53,2024-10-07 11:06:43.348523
136,41,29,25.0,2,1911,inprogress,2023-09-01 13:10:41,2024-10-07 11:06:43.348568
137,41,9,50.0,4,7921,inprogress,2022-08-04 01:35:03,2024-10-07 11:06:43.348606
138,42,16,16.666666666666664,1,2852,inprogress,2020-08-31 00:37:18,2024-10-07 11:06:43.348659
139,42,36,25.0,4,1305,inprogress,2020-03-01 20:25:55,2024-10-07 11:06:43.348695
140,42,10,40.0,2,1972,inprogress,2022-01-15 04:52:52,2024-10-07 11:06:43.348734
141,42,42,66.66666666666666,3,8148,inprogress,2023-12-14 17:23:47,2024-10-07 11:06:43.348793
142,43,6,30.0,4,8670,inprogress,2022-05-28 08:50:24,2024-10-07 11:06:43.348850
143,43,36,87.5,3,5556,inprogress,2023-02-09 12:02:47,2024-10-07 11:06:43.348893
144,43,15,42.85714285714285,3,2448,inprogress,2023-02-14 06:55:44,2024-10-07 11:06:43.348943
145,44,14,50.0,5,8534,inprogress,2022-09-11 20:19:03,2024-10-07 11:06:43.349007
146,44,31,66.66666666666666,3,4223,inprogress,2023-03-11 19:27:35,2024-10-07 11:06:43.349081
147,44,15,100.0,2,2361,completed,2023-09-19 18:18:24,2024-10-07 11:06:43.349124
148,44,21,75.0,4,7698,inprogress,2022-10-01 08:56:57,2024-10-07 11:06:43.349185
149,44,23,14.285714285714285,2,6614,inprogress,2020-05-05 23:14:09,2024-10-07 11:06:43.349235
150,45,2,100.0,3,4070,completed,2024-07-25 21:38:37,2024-10-07 11:06:43.349295
151,45,3,66.66666666666666,2,9347,inprogress,2021-06-21 23:02:59,2024-10-07 11:06:43.349342
152,45,18,50.0,1,9765,inprogress,2020-04-23 03:13:10,2024-10-07 11:06:43.349386
153,45,22,50.0,2,2321,inprogress,2021-08-20 00:52:15,2024-10-07 11:06:43.349441
154,45,45,87.5,6,3829,inprogress,2022-02-24 12:27:56,2024-10-07 11:06:43.349501
155,46,17,16.666666666666664,2,9513,inprogress,2024-04-24 07:08:32,2024-10-07 11:06:43.349558
156,46,34,28.57142857142857,5,9922,inprogress,2024-02-16 06:12:44,2024-10-07 11:06:43.349597
157,46,47,25.0,6,3231,inprogress,2022-11-16 23:20:48,2024-10-07 11:06:43.349637
158,46,26,20.0,4,2617,inprogress,2021-11-21 02:37:22,2024-10-07 11:06:43.349675
159,46,16,83.33333333333334,4,5985,inprogress,2021-08-21 00:11:07,2024-10-07 11:06:43.349715
160,47,12,50.0,3,3914,inprogress,2022-03-18 11:49:32,2024-10-07 11:06:43.349773
161,47,41,16.666666666666664,3,6178,inprogress,2023-03-07 13:55:20,2024-10-07 11:06:43.349818
162,47,34,42.85714285714285,3,3883,inprogress,2020-09-17 20:02:30,2024-10-07 11:06:43.349870
163,47,32,25.0,4,6850,inprogress,2020-08-22 10:54:17,2024-10-07 11:06:43.349920
164,48,43,28.57142857142857,2,3174,inprogress,2024-06-12 07:08:34,2024-10-07 11:06:43.349967
165,48,31,83.33333333333334,2,7813,inprogress,2022-05-04 05:51:13,2024-10-07 11:06:43.350010
166,49,48,62.5,4,3548,inprogress,2020-10-17 13:58:11,2024-10-07 11:06:43.350064
167,49,41,16.666666666666664,3,8909,inprogress,2024-05-13 05:05:33,2024-10-07 11:06:43.350120
168,49,31,50.0,1,6813,inprogress,2020-09-23 06:41:45,2024-10-07 11:06:43.350167
169,50,7,50.0,2,9778,inprogress,2023-10-19 11:58:07,2024-10-07 11:06:43.350220
170,50,44,20.0,1,4163,inprogress,2022-07-12 17:38:25,2024-10-07 11:06:43.350271
171,51,44,80.0,1,5408,inprogress,2022-02-11 02:51:00,2024-10-07 11:06:43.350313
172,51,8,50.0,5,4474,inprogress,2022-08-01 22:46:54,2024-10-07 11:06:43.350381
173,51,9,80.0,4,5152,inprogress,2020-12-05 20:05:34,2024-10-07 11:06:43.350429
174,52,43,71.42857142857143,4,9160,inprogress,2023-05-04 08:26:32,2024-10-07 11:06:43.350510
175,52,39,40.0,2,5100,inprogress,2022-02-07 09:33:43,2024-10-07 11:06:43.350575
176,52,50,0.0,4,4928,enrolled,2021-08-30 10:16:39,2024-10-07 11:06:43.350641
177,52,28,37.5,5,5823,inprogress,2023-02-22 14:23:18,2024-10-07 11:06:43.350678
178,52,38,42.85714285714285,6,6591,inprogress,2021-12-20 04:17:41,2024-10-07 11:06:43.350719
179,53,8,66.66666666666666,4,2289,inprogress,2021-06-03 01:45:32,2024-10-07 11:06:43.350769
180,53,42,66.66666666666666,2,8243,inprogress,2021-03-16 21:16:50,2024-10-07 11:06:43.350823
181,53,44,40.0,4,1778,inprogress,2023-09-28 08:34:11,2024-10-07 11:06:43.350866
182,54,8,66.66666666666666,4,3935,inprogress,2022-05-22 15:50:31,2024-10-07 11:06:43.350911
183,54,1,44.44444444444444,4,2462,inprogress,2020-10-26 07:29:10,2024-10-07 11:06:43.351011
184,55,19,40.0,3,9069,inprogress,2021-06-24 01:03:21,2024-10-07 11:06:43.351059
185,55,33,25.0,3,8126,inprogress,2021-04-06 23:39:04,2024-10-07 11:06:43.351099
186,55,45,50.0,5,3085,inprogress,2023-07-24 03:37:44,2024-10-07 11:06:43.351138
187,56,19,60.0,3,5588,inprogress,2021-02-12 21:37:37,2024-10-07 11:06:43.351199
188,56,32,50.0,4,8789,inprogress,2022-04-22 04:27:40,2024-10-07 11:06:43.351252
189,56,40,0.0,2,9749,enrolled,2021-07-12 09:59:04,2024-10-07 11:06:43.351307
190,57,16,50.0,4,6402,inprogress,2023-05-06 16:17:18,2024-10-07 11:06:43.351351
191,57,21,25.0,1,5693,inprogress,2021-07-12 01:06:51,2024-10-07 11:06:43.351393
192,57,33,50.0,3,6478,inprogress,2020-10-24 16:54:23,2024-10-07 11:06:43.351440
193,58,28,25.0,1,4640,inprogress,2020-08-26 22:24:42,2024-10-07 11:06:43.351517
194,58,34,28.57142857142857,5,8382,inprogress,2022-04-11 21:14:54,2024-10-07 11:06:43.351560
195,58,3,55.55555555555556,1,7337,inprogress,2022-11-11 02:24:10,2024-10-07 11:06:43.351598
196,58,25,100.0,1,1132,completed,2020-09-14 23:38:13,2024-10-07 11:06:43.351657
197,59,7,60.0,4,2218,inprogress,2022-02-26 16:31:55,2024-10-07 11:06:43.351714
198,59,46,20.0,3,7415,inprogress,2024-01-02 08:51:25,2024-10-07 11:06:43.351764
199,59,5,50.0,4,8968,inprogress,2021-10-10 14:19:04,2024-10-07 11:06:43.351819
200,60,50,14.285714285714285,3,7209,inprogress,2020-03-25 00:28:03,2024-10-07 11:06:43.351901
201,60,9,50.0,3,6623,inprogress,2024-03-07 17:23:44,2024-10-07 11:06:43.351949
202,60,2,33.33333333333333,1,5655,inprogress,2020-04-08 08:31:16,2024-10-07 11:06:43.352006
203,60,23,71.42857142857143,4,8323,inprogress,2023-04-24 23:10:51,2024-10-07 11:06:43.352054
204,60,38,42.85714285714285,2,2156,inprogress,2024-08-29 16:11:56,2024-10-07 11:06:43.352102
205,61,39,80.0,2,2752,inprogress,2024-03-20 20:02:43,2024-10-07 11:06:43.352177
206,61,29,75.0,2,4557,inprogress,2023-04-24 21:27:22,2024-10-07 11:06:43.352273
207,61,6,30.0,5,3459,inprogress,2020-09-29 02:04:15,2024-10-07 11:06:43.352360
208,61,21,50.0,2,3416,inprogress,2023-10-28 13:15:08,2024-10-07 11:06:43.352429
209,62,7,70.0,4,9621,inprogress,2024-06-26 23:24:41,2024-10-07 11:06:43.352496
210,62,12,25.0,1,2950,inprogress,2022-06-06 02:40:54,2024-10-07 11:06:43.352549
211,62,10,60.0,2,2415,inprogress,2022-06-05 17:27:58,2024-10-07 11:06:43.352592
212,62,37,22.22222222222222,4,2782,inprogress,2022-03-26 19:25:48,2024-10-07 11:06:43.352633
213,63,2,16.666666666666664,3,2917,inprogress,2023-06-24 11:48:07,2024-10-07 11:06:43.352681
214,63,24,22.22222222222222,3,3465,inprogress,2022-11-01 23:59:21,2024-10-07 11:06:43.352731
215,63,31,100.0,3,3819,completed,2023-05-16 06:43:34,2024-10-07 11:06:43.352771
216,63,50,100.0,3,2314,completed,2021-11-12 15:37:16,2024-10-07 11:06:43.352818
217,63,28,0.0,3,3676,enrolled,2022-04-13 14:24:39,2024-10-07 11:06:43.352866
218,64,45,37.5,3,2811,inprogress,2022-10-22 07:39:34,2024-10-07 11:06:43.352909
219,64,31,33.33333333333333,4,1627,inprogress,2020-09-18 19:26:54,2024-10-07 11:06:43.352955
220,64,16,50.0,3,3340,inprogress,2021-11-05 15:00:13,2024-10-07 11:06:43.353017
221,65,37,77.77777777777779,5,1576,inprogress,2022-10-19 16:38:47,2024-10-07 11:06:43.353093
222,65,16,66.66666666666666,2,3345,inprogress,2024-01-10 08:00:43,2024-10-07 11:06:43.353149
223,66,17,16.666666666666664,4,5259,inprogress,2020-08-05 10:19:59,2024-10-07 11:06:43.353197
224,66,42,50.0,3,5651,inprogress,2024-06-07 13:58:30,2024-10-07 11:06:43.353235
225,66,25,50.0,3,9288,inprogress,2023-02-13 04:07:08,2024-10-07 11:06:43.353278
226,67,13,57.14285714285714,2,9385,inprogress,2023-03-18 04:42:19,2024-10-07 11:06:43.353330
227,67,28,37.5,5,8563,inprogress,2021-02-22 09:32:49,2024-10-07 11:06:43.353377
228,67,25,25.0,4,5501,inprogress,2020-02-17 22:32:41,2024-10-07 11:06:43.353429
229,67,18,50.0,4,1308,inprogress,2020-05-12 20:25:39,2024-10-07 11:06:43.353467
230,67,4,57.14285714285714,4,1811,inprogress,2022-04-30 03:52:21,2024-10-07 11:06:43.353528
231,68,4,42.85714285714285,2,5672,inprogress,2021-09-15 09:21:03,2024-10-07 11:06:43.353583
232,68,2,50.0,2,8850,inprogress,2024-04-01 09:58:47,2024-10-07 11:06:43.353623
233,69,9,60.0,6,4019,inprogress,2021-05-22 21:51:37,2024-10-07 11:06:43.353672
234,69,26,30.0,3,5381,inprogress,2021-07-30 18:12:02,2024-10-07 11:06:43.353735
235,69,48,37.5,3,9872,inprogress,2021-06-04 15:02:24,2024-10-07 11:06:43.353793
236,70,38,85.71428571428571,5,1371,inprogress,2023-10-17 12:03:20,2024-10-07 11:06:43.353842
237,70,31,33.33333333333333,3,7289,inprogress,2020-10-24 22:36:45,2024-10-07 11:06:43.353892
238,71,30,37.5,4,5031,inprogress,2020-01-18 14:08:18,2024-10-07 11:06:43.353937
239,71,27,60.0,3,3215,inprogress,2022-11-13 14:52:45,2024-10-07 11:06:43.353981
240,71,22,50.0,4,5009,inprogress,2023-09-20 04:32:25,2024-10-07 11:06:43.354022
241,71,48,50.0,2,5866,inprogress,2023-03-28 17:53:48,2024-10-07 11:06:43.354070
242,72,31,33.33333333333333,4,9170,inprogress,2024-08-03 03:21:42,2024-10-07 11:06:43.354118
243,72,20,33.33333333333333,2,7693,inprogress,2023-09-18 08:03:47,2024-10-07 11:06:43.354172
244,73,32,12.5,3,4668,inprogress,2021-10-01 17:08:58,2024-10-07 11:06:43.354247
245,73,10,0.0,5,4919,enrolled,2023-02-18 02:01:06,2024-10-07 11:06:43.354309
246,73,14,50.0,5,5738,inprogress,2024-01-08 23:54:32,2024-10-07 11:06:43.354346
247,73,16,33.33333333333333,5,6448,inprogress,2020-06-08 08:16:30,2024-10-07 11:06:43.354393
248,73,5,16.666666666666664,2,7006,inprogress,2023-09-16 22:55:18,2024-10-07 11:06:43.354444
249,74,10,40.0,5,4385,inprogress,2021-03-25 09:19:08,2024-10-07 11:06:43.354502
250,74,27,40.0,4,4013,inprogress,2023-08-27 23:19:55,2024-10-07 11:06:43.354548
251,74,15,28.57142857142857,5,4747,inprogress,2024-02-09 02:01:34,2024-10-07 11:06:43.354615
252,74,37,88.88888888888889,4,3274,inprogress,2020-09-05 00:45:47,2024-10-07 11:06:43.354660
253,75,20,83.33333333333334,4,6606,inprogress,2023-03-23 19:58:43,2024-10-07 11:06:43.354732
254,75,39,60.0,4,6828,inprogress,2020-06-01 06:16:26,2024-10-07 11:06:43.354777
255,75,2,50.0,4,7089,inprogress,2022-04-29 09:56:52,2024-10-07 11:06:43.354834
256,75,5,16.666666666666664,3,9072,inprogress,2023-05-02 01:08:10,2024-10-07 11:06:43.354887
257,76,39,40.0,2,6649,inprogress,2024-08-04 10:41:15,2024-10-07 11:06:43.354949
258,76,37,77.77777777777779,3,7998,inprogress,2021-04-01 14:43:36,2024-10-07 11:06:43.355017
259,76,38,85.71428571428571,2,6461,inprogress,2020-10-28 15:02:51,2024-10-07 11:06:43.355101
260,77,27,60.0,2,8381,inprogress,2024-04-16 04:06:35,2024-10-07 11:06:43.355176
261,77,18,75.0,3,3256,inprogress,2024-05-12 19:47:49,2024-10-07 11:06:43.355220
262,77,40,0.0,1,8812,enrolled,2020-02-03 20:30:56,2024-10-07 11:06:43.355292
263,77,21,37.5,6,3697,inprogress,2021-01-07 15:05:04,2024-10-07 11:06:43.355374
264,78,4,57.14285714285714,4,6405,inprogress,2020-06-22 15:42:28,2024-10-07 11:06:43.355459
265,78,36,62.5,3,2843,inprogress,2022-05-30 06:48:53,2024-10-07 11:06:43.355540
266,78,17,33.33333333333333,2,6382,inprogress,2023-01-15 22:52:50,2024-10-07 11:06:43.355614
267,78,24,33.33333333333333,2,9258,inprogress,2020-06-15 04:57:53,2024-10-07 11:06:43.355672
268,79,19,80.0,3,6876,inprogress,2020-06-27 10:37:12,2024-10-07 11:06:43.355746
269,79,48,12.5,3,2794,inprogress,2022-11-04 14:15:47,2024-10-07 11:06:43.355796
270,79,31,50.0,3,1059,inprogress,2022-07-22 07:21:17,2024-10-07 11:06:43.355846
271,80,45,100.0,5,5230,completed,2021-11-01 20:12:47,2024-10-07 11:06:43.355919
272,80,16,50.0,4,2608,inprogress,2024-01-16 07:00:01,2024-10-07 11:06:43.356009
273,80,7,50.0,4,8111,inprogress,2023-08-24 17:27:03,2024-10-07 11:06:43.356068
274,80,14,66.66666666666666,5,5538,inprogress,2021-05-25 06:22:36,2024-10-07 11:06:43.356118
275,81,44,0.0,1,5024,enrolled,2022-08-02 00:30:06,2024-10-07 11:06:43.356201
276,81,31,0.0,2,8401,enrolled,2024-03-05 09:07:10,2024-10-07 11:06:43.356245
277,81,1,55.55555555555556,4,1409,inprogress,2021-06-30 18:56:58,2024-10-07 11:06:43.356308
278,81,37,44.44444444444444,5,8110,inprogress,2021-01-21 07:07:50,2024-10-07 11:06:43.356357
279,81,45,37.5,5,5931,inprogress,2020-06-08 05:00:58,2024-10-07 11:06:43.356479
280,82,49,57.14285714285714,2,4932,inprogress,2023-10-04 01:52:51,2024-10-07 11:06:43.356530
281,82,20,50.0,4,5603,inprogress,2021-01-20 02:17:12,2024-10-07 11:06:43.356573
282,82,38,71.42857142857143,1,5351,inprogress,2021-02-11 23:05:49,2024-10-07 11:06:43.356618
283,83,6,50.0,1,7707,inprogress,2024-03-10 04:16:13,2024-10-07 11:06:43.356693
284,83,36,0.0,2,3963,enrolled,2024-01-13 00:41:55,2024-10-07 11:06:43.356751
285,83,42,33.33333333333333,4,4183,inprogress,2020-09-07 13:26:08,2024-10-07 11:06:43.356801
286,83,50,28.57142857142857,2,5174,inprogress,2020-01-22 09:28:27,2024-10-07 11:06:43.356845
287,83,46,80.0,1,6947,inprogress,2021-07-16 02:24:25,2024-10-07 11:06:43.356883
288,84,38,57.14285714285714,1,9479,inprogress,2020-08-21 02:39:11,2024-10-07 11:06:43.356937
289,84,22,75.0,4,1969,inprogress,2024-05-15 08:12:06,2024-10-07 11:06:43.356986
290,84,34,85.71428571428571,3,5206,inprogress,2023-08-03 16:14:17,2024-10-07 11:06:43.357044
291,84,37,44.44444444444444,2,2005,inprogress,2021-06-18 07:59:42,2024-10-07 11:06:43.357097
292,84,23,57.14285714285714,1,1934,inprogress,2021-01-20 20:34:41,2024-10-07 11:06:43.357138
293,85,47,62.5,1,1916,inprogress,2022-02-25 14:34:16,2024-10-07 11:06:43.357188
294,85,5,33.33333333333333,3,1870,inprogress,2023-04-03 03:36:29,2024-10-07 11:06:43.357235
295,86,13,14.285714285714285,2,4332,inprogress,2020-02-04 22:35:28,2024-10-07 11:06:43.357281
296,86,30,87.5,5,6510,inprogress,2020-03-26 04:00:56,2024-10-07 11:06:43.357333
297,87,50,42.85714285714285,4,1798,inprogress,2024-05-03 15:57:26,2024-10-07 11:06:43.357436
298,87,30,62.5,3,4130,inprogress,2024-02-28 16:49:22,2024-10-07 11:06:43.357513
299,88,29,50.0,1,9062,inprogress,2020-06-27 19:23:03,2024-10-07 11:06:43.357608
300,88,18,50.0,3,9668,inprogress,2020-07-12 06:44:35,2024-10-07 11:06:43.357656
301,88,2,50.0,4,6346,inprogress,2023-02-26 07:47:42,2024-10-07 11:06:43.357707
302,88,44,100.0,1,9278,completed,2023-07-12 19:45:39,2024-10-07 11:06:43.357767
303,89,33,62.5,3,2719,inprogress,2023-08-21 09:21:03,2024-10-07 11:06:43.357844
304,89,9,80.0,1,2526,inprogress,2021-11-02 17:43:49,2024-10-07 11:06:43.357923
305,89,27,40.0,4,6823,inprogress,2023-07-30 04:32:00,2024-10-07 11:06:43.357978
306,89,3,55.55555555555556,1,9717,inprogress,2020-11-01 15:06:56,2024-10-07 11:06:43.358020
307,90,14,50.0,2,4524,inprogress,2020-04-10 20:41:48,2024-10-07 11:06:43.358091
308,90,15,71.42857142857143,1,5723,inprogress,2023-09-10 21:52:59,2024-10-07 11:06:43.358143
309,90,22,100.0,1,5646,completed,2022-11-16 13:41:42,2024-10-07 11:06:43.358188
310,90,34,71.42857142857143,4,7960,inprogress,2021-02-26 09:26:18,2024-10-07 11:06:43.358243
311,91,49,14.285714285714285,3,5212,inprogress,2024-01-27 12:18:30,2024-10-07 11:06:43.358298
312,91,5,83.33333333333334,4,8031,inprogress,2022-05-20 04:48:39,2024-10-07 11:06:43.358337
313,91,2,33.33333333333333,3,5058,inprogress,2021-03-11 18:05:00,2024-10-07 11:06:43.358382
314,91,48,75.0,1,5864,inprogress,2023-11-15 05:04:40,2024-10-07 11:06:43.358426
315,91,4,42.85714285714285,3,6758,inprogress,2022-06-15 21:53:48,2024-10-07 11:06:43.358493
316,92,42,50.0,3,6627,inprogress,2023-02-02 08:51:52,2024-10-07 11:06:43.358547
317,92,41,83.33333333333334,3,9668,inprogress,2024-02-08 21:56:53,2024-10-07 11:06:43.358588
318,92,35,50.0,3,7064,inprogress,2022-02-03 04:35:01,2024-10-07 11:06:43.358635
319,92,13,42.85714285714285,3,6321,inprogress,2021-04-22 04:51:54,2024-10-07 11:06:43.358681
320,92,49,28.57142857142857,3,6360,inprogress,2021-09-29 06:24:11,2024-10-07 11:06:43.358732
321,93,23,100.0,5,4090,completed,2023-12-19 01:41:49,2024-10-07 11:06:43.358790
322,93,43,28.57142857142857,4,7117,inprogress,2022-08-05 08:27:33,2024-10-07 11:06:43.358841
323,93,47,12.5,1,8678,inprogress,2022-09-23 06:20:21,2024-10-07 11:06:43.358879
324,94,4,42.85714285714285,4,2919,inprogress,2021-09-25 08:37:10,2024-10-07 11:06:43.358941
325,94,12,75.0,3,4021,inprogress,2022-11-01 22:22:09,2024-10-07 11:06:43.358994
326,95,7,40.0,3,7835,inprogress,2020-10-29 03:49:59,2024-10-07 11:06:43.359048
327,95,13,42.85714285714285,3,4831,inprogress,2023-10-24 23:13:03,2024-10-07 11:06:43.359094
328,96,43,42.85714285714285,3,4002,inprogress,2023-10-06 23:50:25,2024-10-07 11:06:43.359151
329,96,16,66.66666666666666,5,6379,inprogress,2021-03-24 06:33:01,2024-10-07 11:06:43.359202
330,96,30,0.0,5,7921,enrolled,2023-02-18 06:38:18,2024-10-07 11:06:43.359246
331,96,20,33.33333333333333,3,2381,inprogress,2022-12-31 12:53:38,2024-10-07 11:06:43.359282
332,96,14,0.0,5,2143,enrolled,2021-12-08 05:10:07,2024-10-07 11:06:43.359321
333,97,16,33.33333333333333,1,1989,inprogress,2020-03-29 14:49:15,2024-10-07 11:06:43.359361
334,97,6,40.0,5,3263,inprogress,2022-05-17 05:44:51,2024-10-07 11:06:43.359399
335,98,43,42.85714285714285,4,7370,inprogress,2021-04-02 06:25:33,2024-10-07 11:06:43.359453
336,98,44,80.0,1,9401,inprogress,2022-03-24 21:39:38,2024-10-07 11:06:43.359493
337,98,1,44.44444444444444,6,1695,inprogress,2023-10-15 20:04:22,2024-10-07 11:06:43.359537
338,98,13,14.285714285714285,5,3178,inprogress,2023-06-02 04:37:29,2024-10-07 11:06:43.359580
339,98,19,60.0,2,2566,inprogress,2023-09-27 21:11:07,2024-10-07 11:06:43.359616
340,99,34,57.14285714285714,1,1671,inprogress,2023-06-02 13:36:14,2024-10-07 11:06:43.359684
341,99,47,37.5,6,2164,inprogress,2021-09-21 00:50:25,2024-10-07 11:06:43.359730
342,99,37,33.33333333333333,4,2998,inprogress,2021-11-23 21:47:56,2024-10-07 11:06:43.359782
343,99,46,80.0,3,4876,inprogress,2023-06-09 23:52:52,2024-10-07 11:06:43.359830
344,99,50,71.42857142857143,4,3989,inprogress,2020-03-10 18:20:54,2024-10-07 11:06:43.359896
345,100,24,55.55555555555556,4,9788,inprogress,2021-04-15 03:40:05,2024-10-07 11:06:43.359965
346,100,3,11.11111111111111,3,7724,inprogress,2022-10-13 07:16:46,2024-10-07 11:06:43.360044
347,100,28,37.5,4,4841,inprogress,2021-12-31 09:33:23,2024-10-07 11:06:43.360094
348,100,13,28.57142857142857,2,2103,inprogress,2024-04-01 12:06:11,2024-10-07 11:06:43.360145
