id,employeeId,quizId,score,completedAt
1,1,102,0,2024-10-07 11:06:43.341358
2,1,103,6,2024-10-07 11:06:43.341362
3,1,307,15,2024-10-07 11:06:43.341416
4,1,308,21,2024-10-07 11:06:43.341420
5,1,309,77,2024-10-07 11:06:43.341422
6,1,310,2,2024-10-07 11:06:43.341425
7,1,311,16,2024-10-07 11:06:43.341427
8,2,32,4,2024-10-07 11:06:43.341492
9,2,33,2,2024-10-07 11:06:43.341494
10,2,36,28,2024-10-07 11:06:43.341498
11,2,111,33,2024-10-07 11:06:43.341547
12,2,112,41,2024-10-07 11:06:43.341550
13,3,296,23,2024-10-07 11:06:43.341616
14,3,297,13,2024-10-07 11:06:43.341618
15,3,299,81,2024-10-07 11:06:43.341621
16,3,300,4,2024-10-07 11:06:43.341625
17,3,100,12,2024-10-07 11:06:43.341665
18,3,101,45,2024-10-07 11:06:43.341668
19,3,103,15,2024-10-07 11:06:43.341671
20,3,348,42,2024-10-07 11:06:43.341709
21,3,351,15,2024-10-07 11:06:43.341711
22,3,265,30,2024-10-07 11:06:43.341749
23,3,266,26,2024-10-07 11:06:43.341751
24,3,267,0,2024-10-07 11:06:43.341754
25,3,272,11,2024-10-07 11:06:43.341758
26,4,10,18,2024-10-07 11:06:43.341823
27,4,11,4,2024-10-07 11:06:43.341825
28,4,12,54,2024-10-07 11:06:43.341827
29,4,13,14,2024-10-07 11:06:43.341829
30,4,151,12,2024-10-07 11:06:43.341885
31,4,154,39,2024-10-07 11:06:43.341888
32,4,155,12,2024-10-07 11:06:43.341890
33,4,158,1,2024-10-07 11:06:43.341892
34,4,183,66,2024-10-07 11:06:43.341938
35,4,184,51,2024-10-07 11:06:43.341939
36,4,185,40,2024-10-07 11:06:43.341942
37,4,186,62,2024-10-07 11:06:43.341943
38,4,187,43,2024-10-07 11:06:43.341946
39,4,188,6,2024-10-07 11:06:43.341947
40,4,189,26,2024-10-07 11:06:43.341950
41,4,190,24,2024-10-07 11:06:43.341951
42,4,147,26,2024-10-07 11:06:43.341991
43,4,247,58,2024-10-07 11:06:43.342030
44,5,131,12,2024-10-07 11:06:43.342077
45,5,132,26,2024-10-07 11:06:43.342079
46,5,133,5,2024-10-07 11:06:43.342082
47,5,134,0,2024-10-07 11:06:43.342084
48,5,135,4,2024-10-07 11:06:43.342086
49,5,236,21,2024-10-07 11:06:43.342126
50,5,237,2,2024-10-07 11:06:43.342128
51,5,238,15,2024-10-07 11:06:43.342130
52,5,240,48,2024-10-07 11:06:43.342132
53,5,241,2,2024-10-07 11:06:43.342134
54,5,242,3,2024-10-07 11:06:43.342136
55,5,243,41,2024-10-07 11:06:43.342137
56,5,111,45,2024-10-07 11:06:43.342181
57,5,112,4,2024-10-07 11:06:43.342182
58,5,113,31,2024-10-07 11:06:43.342184
59,5,114,41,2024-10-07 11:06:43.342186
60,5,115,26,2024-10-07 11:06:43.342188
61,5,116,41,2024-10-07 11:06:43.342190
62,6,48,40,2024-10-07 11:06:43.342236
63,6,49,19,2024-10-07 11:06:43.342238
64,6,50,8,2024-10-07 11:06:43.342240
65,6,51,1,2024-10-07 11:06:43.342241
66,6,90,38,2024-10-07 11:06:43.342284
67,6,91,17,2024-10-07 11:06:43.342286
68,6,92,34,2024-10-07 11:06:43.342288
69,6,93,14,2024-10-07 11:06:43.342290
70,6,94,17,2024-10-07 11:06:43.342292
71,6,95,3,2024-10-07 11:06:43.342294
72,7,244,6,2024-10-07 11:06:43.342339
73,7,245,29,2024-10-07 11:06:43.342341
74,7,246,44,2024-10-07 11:06:43.342343
75,7,247,20,2024-10-07 11:06:43.342344
76,7,248,68,2024-10-07 11:06:43.342346
77,7,249,84,2024-10-07 11:06:43.342348
78,7,250,64,2024-10-07 11:06:43.342351
79,7,251,55,2024-10-07 11:06:43.342352
80,7,320,22,2024-10-07 11:06:43.342391
81,7,324,41,2024-10-07 11:06:43.342394
82,7,161,3,2024-10-07 11:06:43.342431
83,7,162,12,2024-10-07 11:06:43.342433
84,7,165,18,2024-10-07 11:06:43.342436
85,7,166,9,2024-10-07 11:06:43.342438
86,8,58,56,2024-10-07 11:06:43.342481
87,8,59,14,2024-10-07 11:06:43.342483
88,8,64,45,2024-10-07 11:06:43.342486
89,8,65,12,2024-10-07 11:06:43.342488
90,8,66,0,2024-10-07 11:06:43.342490
91,8,67,50,2024-10-07 11:06:43.342492
92,8,236,14,2024-10-07 11:06:43.342542
93,8,239,14,2024-10-07 11:06:43.342544
94,8,240,7,2024-10-07 11:06:43.342546
95,8,241,11,2024-10-07 11:06:43.342548
96,8,242,8,2024-10-07 11:06:43.342549
97,8,243,28,2024-10-07 11:06:43.342551
98,8,283,9,2024-10-07 11:06:43.342594
99,8,185,35,2024-10-07 11:06:43.342692
100,8,186,3,2024-10-07 11:06:43.342694
101,8,187,30,2024-10-07 11:06:43.342696
102,8,188,6,2024-10-07 11:06:43.342698
103,9,320,10,2024-10-07 11:06:43.342764
104,9,321,47,2024-10-07 11:06:43.342766
105,9,231,27,2024-10-07 11:06:43.342804
106,9,232,23,2024-10-07 11:06:43.342806
107,9,234,9,2024-10-07 11:06:43.342808
108,9,235,13,2024-10-07 11:06:43.342809
109,10,338,20,2024-10-07 11:06:43.342864
110,10,339,19,2024-10-07 11:06:43.342868
111,10,342,13,2024-10-07 11:06:43.342871
112,10,343,1,2024-10-07 11:06:43.342873
113,10,38,33,2024-10-07 11:06:43.342914
114,10,39,14,2024-10-07 11:06:43.342916
115,10,44,45,2024-10-07 11:06:43.342920
116,10,52,39,2024-10-07 11:06:43.342968
117,10,362,7,2024-10-07 11:06:43.343006
118,10,363,31,2024-10-07 11:06:43.343009
119,10,366,1,2024-10-07 11:06:43.343013
120,10,367,14,2024-10-07 11:06:43.343016
121,11,130,29,2024-10-07 11:06:43.343058
122,11,133,21,2024-10-07 11:06:43.343061
123,11,134,9,2024-10-07 11:06:43.343063
124,11,80,12,2024-10-07 11:06:43.343103
125,11,82,32,2024-10-07 11:06:43.343105
126,11,83,0,2024-10-07 11:06:43.343108
127,11,84,26,2024-10-07 11:06:43.343110
128,11,60,8,2024-10-07 11:06:43.343146
129,11,61,11,2024-10-07 11:06:43.343147
130,11,66,3,2024-10-07 11:06:43.343150
131,11,67,16,2024-10-07 11:06:43.343152
132,11,68,90,2024-10-07 11:06:43.343154
133,11,69,14,2024-10-07 11:06:43.343155
134,12,201,48,2024-10-07 11:06:43.343199
135,12,202,0,2024-10-07 11:06:43.343201
136,12,203,30,2024-10-07 11:06:43.343203
137,12,204,14,2024-10-07 11:06:43.343205
138,12,340,11,2024-10-07 11:06:43.343242
139,12,344,20,2024-10-07 11:06:43.343245
140,13,358,18,2024-10-07 11:06:43.343288
141,13,267,2,2024-10-07 11:06:43.343325
142,13,272,0,2024-10-07 11:06:43.343327
143,13,80,10,2024-10-07 11:06:43.343362
144,13,81,1,2024-10-07 11:06:43.343365
145,13,84,25,2024-10-07 11:06:43.343366
146,13,325,71,2024-10-07 11:06:43.343403
147,13,326,28,2024-10-07 11:06:43.343405
148,13,334,85,2024-10-07 11:06:43.343454
149,14,191,33,2024-10-07 11:06:43.343526
150,14,192,3,2024-10-07 11:06:43.343530
151,14,193,5,2024-10-07 11:06:43.343532
152,14,194,3,2024-10-07 11:06:43.343534
153,14,197,16,2024-10-07 11:06:43.343537
154,14,198,14,2024-10-07 11:06:43.343538
155,14,70,19,2024-10-07 11:06:43.343597
156,14,71,18,2024-10-07 11:06:43.343600
157,14,73,7,2024-10-07 11:06:43.343604
158,14,74,18,2024-10-07 11:06:43.343608
159,14,75,47,2024-10-07 11:06:43.343611
160,14,76,3,2024-10-07 11:06:43.343614
161,14,78,60,2024-10-07 11:06:43.343617
162,14,79,24,2024-10-07 11:06:43.343620
163,14,3,60,2024-10-07 11:06:43.343689
164,14,4,10,2024-10-07 11:06:43.343693
165,14,5,47,2024-10-07 11:06:43.343696
166,14,9,18,2024-10-07 11:06:43.343700
167,15,111,57,2024-10-07 11:06:43.343760
168,15,112,79,2024-10-07 11:06:43.343761
169,15,72,22,2024-10-07 11:06:43.343810
170,15,73,39,2024-10-07 11:06:43.343812
171,15,74,25,2024-10-07 11:06:43.343814
172,15,75,46,2024-10-07 11:06:43.343816
173,15,76,33,2024-10-07 11:06:43.343817
174,15,78,36,2024-10-07 11:06:43.343824
175,15,79,1,2024-10-07 11:06:43.343826
176,15,273,13,2024-10-07 11:06:43.343864
177,15,274,12,2024-10-07 11:06:43.343865
178,15,279,0,2024-10-07 11:06:43.343869
179,15,90,44,2024-10-07 11:06:43.343908
180,15,91,52,2024-10-07 11:06:43.343910
181,15,92,7,2024-10-07 11:06:43.343913
182,15,93,14,2024-10-07 11:06:43.343916
183,16,303,16,2024-10-07 11:06:43.343979
184,16,98,12,2024-10-07 11:06:43.344035
185,16,99,17,2024-10-07 11:06:43.344037
186,16,103,23,2024-10-07 11:06:43.344040
187,16,259,70,2024-10-07 11:06:43.344117
188,17,255,12,2024-10-07 11:06:43.344164
189,17,256,41,2024-10-07 11:06:43.344167
190,17,257,4,2024-10-07 11:06:43.344169
191,17,258,51,2024-10-07 11:06:43.344171
192,17,38,7,2024-10-07 11:06:43.344210
193,17,39,10,2024-10-07 11:06:43.344212
194,17,44,28,2024-10-07 11:06:43.344214
195,17,47,53,2024-10-07 11:06:43.344216
196,17,107,69,2024-10-07 11:06:43.344379
197,17,108,29,2024-10-07 11:06:43.344382
198,17,111,15,2024-10-07 11:06:43.344384
199,17,112,14,2024-10-07 11:06:43.344386
200,17,234,15,2024-10-07 11:06:43.344443
201,17,235,1,2024-10-07 11:06:43.344444
202,18,10,72,2024-10-07 11:06:43.344494
203,18,11,13,2024-10-07 11:06:43.344495
204,18,12,31,2024-10-07 11:06:43.344497
205,18,13,11,2024-10-07 11:06:43.344499
206,18,141,56,2024-10-07 11:06:43.344538
207,18,142,7,2024-10-07 11:06:43.344541
208,18,143,8,2024-10-07 11:06:43.344543
209,18,144,0,2024-10-07 11:06:43.344548
210,18,100,2,2024-10-07 11:06:43.344585
211,18,101,11,2024-10-07 11:06:43.344586
212,18,102,0,2024-10-07 11:06:43.344589
213,18,103,23,2024-10-07 11:06:43.344590
214,18,104,22,2024-10-07 11:06:43.344592
215,19,117,57,2024-10-07 11:06:43.344652
216,19,118,1,2024-10-07 11:06:43.344655
217,19,122,70,2024-10-07 11:06:43.344659
218,19,124,7,2024-10-07 11:06:43.344742
219,19,125,8,2024-10-07 11:06:43.344744
220,19,126,17,2024-10-07 11:06:43.344747
221,19,127,4,2024-10-07 11:06:43.344748
222,19,128,98,2024-10-07 11:06:43.344750
223,19,129,10,2024-10-07 11:06:43.344752
224,19,283,19,2024-10-07 11:06:43.344790
225,19,286,7,2024-10-07 11:06:43.344794
226,19,287,53,2024-10-07 11:06:43.344797
227,20,1,54,2024-10-07 11:06:43.344906
228,20,2,35,2024-10-07 11:06:43.344908
229,20,3,18,2024-10-07 11:06:43.344910
230,20,4,2,2024-10-07 11:06:43.344911
231,20,5,16,2024-10-07 11:06:43.344913
232,20,6,61,2024-10-07 11:06:43.344915
233,20,7,2,2024-10-07 11:06:43.344916
234,20,8,33,2024-10-07 11:06:43.344920
235,21,183,61,2024-10-07 11:06:43.344966
236,21,184,46,2024-10-07 11:06:43.344967
237,21,185,22,2024-10-07 11:06:43.344970
238,21,186,22,2024-10-07 11:06:43.344971
239,21,187,20,2024-10-07 11:06:43.344973
240,21,188,3,2024-10-07 11:06:43.344975
241,21,167,9,2024-10-07 11:06:43.345026
242,21,168,84,2024-10-07 11:06:43.345031
243,21,169,48,2024-10-07 11:06:43.345034
244,21,170,4,2024-10-07 11:06:43.345036
245,21,171,62,2024-10-07 11:06:43.345038
246,21,172,49,2024-10-07 11:06:43.345040
247,21,173,13,2024-10-07 11:06:43.345042
248,21,70,12,2024-10-07 11:06:43.345097
249,21,71,16,2024-10-07 11:06:43.345099
250,21,75,8,2024-10-07 11:06:43.345102
251,21,76,41,2024-10-07 11:06:43.345104
252,21,77,53,2024-10-07 11:06:43.345106
253,22,237,5,2024-10-07 11:06:43.345153
254,22,238,13,2024-10-07 11:06:43.345155
255,22,242,63,2024-10-07 11:06:43.345157
256,22,243,17,2024-10-07 11:06:43.345159
257,22,38,38,2024-10-07 11:06:43.345198
258,22,39,8,2024-10-07 11:06:43.345200
259,22,40,18,2024-10-07 11:06:43.345202
260,22,41,56,2024-10-07 11:06:43.345204
261,22,42,9,2024-10-07 11:06:43.345206
262,22,43,2,2024-10-07 11:06:43.345208
263,22,44,36,2024-10-07 11:06:43.345209
264,22,45,62,2024-10-07 11:06:43.345211
265,22,46,44,2024-10-07 11:06:43.345213
266,23,328,76,2024-10-07 11:06:43.345257
267,23,329,8,2024-10-07 11:06:43.345258
268,23,354,18,2024-10-07 11:06:43.345295
269,23,355,23,2024-10-07 11:06:43.345297
270,23,356,7,2024-10-07 11:06:43.345299
271,23,357,12,2024-10-07 11:06:43.345302
272,23,17,19,2024-10-07 11:06:43.345339
273,23,18,15,2024-10-07 11:06:43.345342
274,23,19,31,2024-10-07 11:06:43.345344
275,23,20,17,2024-10-07 11:06:43.345346
276,23,21,3,2024-10-07 11:06:43.345348
277,23,22,4,2024-10-07 11:06:43.345352
278,23,294,11,2024-10-07 11:06:43.345392
279,23,295,35,2024-10-07 11:06:43.345394
280,23,298,17,2024-10-07 11:06:43.345397
281,23,299,6,2024-10-07 11:06:43.345400
282,23,300,29,2024-10-07 11:06:43.345402
283,24,362,46,2024-10-07 11:06:43.345445
284,24,363,1,2024-10-07 11:06:43.345447
285,24,206,57,2024-10-07 11:06:43.345486
286,24,207,37,2024-10-07 11:06:43.345488
287,24,208,13,2024-10-07 11:06:43.345490
288,24,209,2,2024-10-07 11:06:43.345492
289,24,210,15,2024-10-07 11:06:43.345495
290,24,212,5,2024-10-07 11:06:43.345497
291,24,213,13,2024-10-07 11:06:43.345499
292,24,26,1,2024-10-07 11:06:43.345541
293,24,156,12,2024-10-07 11:06:43.345580
294,24,158,5,2024-10-07 11:06:43.345582
295,25,237,5,2024-10-07 11:06:43.345625
296,25,238,11,2024-10-07 11:06:43.345627
297,25,159,63,2024-10-07 11:06:43.345662
298,25,160,14,2024-10-07 11:06:43.345664
299,25,161,36,2024-10-07 11:06:43.345666
300,25,162,13,2024-10-07 11:06:43.345668
301,25,165,42,2024-10-07 11:06:43.345671
302,25,166,9,2024-10-07 11:06:43.345673
303,26,354,10,2024-10-07 11:06:43.345715
304,26,358,10,2024-10-07 11:06:43.345718
305,26,359,3,2024-10-07 11:06:43.345720
306,26,360,57,2024-10-07 11:06:43.345721
307,26,259,62,2024-10-07 11:06:43.345770
308,26,260,34,2024-10-07 11:06:43.345773
309,26,261,25,2024-10-07 11:06:43.345775
310,26,262,41,2024-10-07 11:06:43.345779
311,26,263,1,2024-10-07 11:06:43.345780
312,26,230,65,2024-10-07 11:06:43.345819
313,26,233,44,2024-10-07 11:06:43.345822
314,27,48,41,2024-10-07 11:06:43.345870
315,27,49,9,2024-10-07 11:06:43.345873
316,27,50,5,2024-10-07 11:06:43.345876
317,27,51,2,2024-10-07 11:06:43.345879
318,27,55,26,2024-10-07 11:06:43.345883
319,27,56,0,2024-10-07 11:06:43.345887
320,27,57,44,2024-10-07 11:06:43.345889
321,27,169,45,2024-10-07 11:06:43.345940
322,27,170,19,2024-10-07 11:06:43.345942
323,27,171,48,2024-10-07 11:06:43.345944
324,27,172,30,2024-10-07 11:06:43.345946
325,27,173,66,2024-10-07 11:06:43.345948
326,28,10,75,2024-10-07 11:06:43.346032
327,28,11,15,2024-10-07 11:06:43.346033
328,28,14,9,2024-10-07 11:06:43.346036
329,28,15,3,2024-10-07 11:06:43.346038
330,28,138,2,2024-10-07 11:06:43.346166
331,29,338,45,2024-10-07 11:06:43.346218
332,29,339,33,2024-10-07 11:06:43.346220
333,29,341,19,2024-10-07 11:06:43.346222
334,29,344,19,2024-10-07 11:06:43.346225
335,29,346,64,2024-10-07 11:06:43.346270
336,29,347,12,2024-10-07 11:06:43.346273
337,29,351,67,2024-10-07 11:06:43.346277
338,29,302,6,2024-10-07 11:06:43.346323
339,29,303,12,2024-10-07 11:06:43.346325
340,29,151,31,2024-10-07 11:06:43.346375
341,30,124,25,2024-10-07 11:06:43.346504
342,30,126,22,2024-10-07 11:06:43.346507
343,30,127,9,2024-10-07 11:06:43.346508
344,30,10,61,2024-10-07 11:06:43.346553
345,30,11,12,2024-10-07 11:06:43.346555
346,30,12,2,2024-10-07 11:06:43.346557
347,30,147,32,2024-10-07 11:06:43.346593
348,30,320,4,2024-10-07 11:06:43.346639
349,30,321,14,2024-10-07 11:06:43.346642
350,31,145,14,2024-10-07 11:06:43.346712
351,31,146,17,2024-10-07 11:06:43.346714
352,31,148,36,2024-10-07 11:06:43.346716
353,31,149,65,2024-10-07 11:06:43.346718
354,31,183,69,2024-10-07 11:06:43.346760
355,31,184,38,2024-10-07 11:06:43.346761
356,31,185,3,2024-10-07 11:06:43.346763
357,31,186,13,2024-10-07 11:06:43.346765
358,31,17,12,2024-10-07 11:06:43.346801
359,31,18,15,2024-10-07 11:06:43.346802
360,31,19,24,2024-10-07 11:06:43.346806
361,31,20,8,2024-10-07 11:06:43.346808
362,31,21,8,2024-10-07 11:06:43.346811
363,32,354,18,2024-10-07 11:06:43.346874
364,32,355,55,2024-10-07 11:06:43.346877
365,32,356,5,2024-10-07 11:06:43.346879
366,32,358,30,2024-10-07 11:06:43.346881
367,32,307,24,2024-10-07 11:06:43.346919
368,32,3,50,2024-10-07 11:06:43.346979
369,32,4,2,2024-10-07 11:06:43.346981
370,32,9,22,2024-10-07 11:06:43.346985
371,32,72,33,2024-10-07 11:06:43.347035
372,32,73,34,2024-10-07 11:06:43.347037
373,32,74,2,2024-10-07 11:06:43.347041
374,32,77,33,2024-10-07 11:06:43.347043
375,33,178,2,2024-10-07 11:06:43.347091
376,33,179,40,2024-10-07 11:06:43.347092
377,33,180,6,2024-10-07 11:06:43.347094
378,33,181,21,2024-10-07 11:06:43.347096
379,33,182,20,2024-10-07 11:06:43.347098
380,33,320,19,2024-10-07 11:06:43.347135
381,33,321,49,2024-10-07 11:06:43.347138
382,33,254,87,2024-10-07 11:06:43.347187
383,33,256,31,2024-10-07 11:06:43.347190
384,33,257,3,2024-10-07 11:06:43.347195
385,33,258,8,2024-10-07 11:06:43.347198
386,34,262,13,2024-10-07 11:06:43.347259
387,34,263,37,2024-10-07 11:06:43.347261
388,34,264,44,2024-10-07 11:06:43.347264
389,34,191,14,2024-10-07 11:06:43.347302
390,34,192,11,2024-10-07 11:06:43.347303
391,34,195,22,2024-10-07 11:06:43.347306
392,34,196,30,2024-10-07 11:06:43.347307
393,34,197,46,2024-10-07 11:06:43.347309
394,34,198,18,2024-10-07 11:06:43.347312
395,34,296,23,2024-10-07 11:06:43.347351
396,34,297,4,2024-10-07 11:06:43.347353
397,34,298,21,2024-10-07 11:06:43.347355
398,34,299,46,2024-10-07 11:06:43.347357
399,34,300,51,2024-10-07 11:06:43.347358
400,35,283,19,2024-10-07 11:06:43.347402
401,35,288,25,2024-10-07 11:06:43.347405
402,35,208,16,2024-10-07 11:06:43.347445
403,35,209,1,2024-10-07 11:06:43.347448
404,35,210,6,2024-10-07 11:06:43.347449
405,35,275,71,2024-10-07 11:06:43.347487
406,35,276,1,2024-10-07 11:06:43.347490
407,35,280,78,2024-10-07 11:06:43.347493
408,35,281,43,2024-10-07 11:06:43.347494
409,35,195,43,2024-10-07 11:06:43.347533
410,35,196,26,2024-10-07 11:06:43.347534
411,35,200,5,2024-10-07 11:06:43.347536
412,35,174,2,2024-10-07 11:06:43.347573
413,35,175,4,2024-10-07 11:06:43.347575
414,35,180,3,2024-10-07 11:06:43.347577
415,35,181,15,2024-10-07 11:06:43.347579
416,36,206,65,2024-10-07 11:06:43.347621
417,36,207,71,2024-10-07 11:06:43.347623
418,36,211,67,2024-10-07 11:06:43.347625
419,36,212,39,2024-10-07 11:06:43.347627
420,36,213,14,2024-10-07 11:06:43.347629
421,36,267,0,2024-10-07 11:06:43.347664
422,36,268,60,2024-10-07 11:06:43.347666
423,36,269,4,2024-10-07 11:06:43.347668
424,36,310,2,2024-10-07 11:06:43.347708
425,36,311,22,2024-10-07 11:06:43.347709
426,36,312,24,2024-10-07 11:06:43.347711
427,37,230,42,2024-10-07 11:06:43.347753
428,37,233,27,2024-10-07 11:06:43.347756
429,37,325,62,2024-10-07 11:06:43.347792
430,37,327,14,2024-10-07 11:06:43.347794
431,37,331,40,2024-10-07 11:06:43.347797
432,37,332,2,2024-10-07 11:06:43.347798
433,37,176,0,2024-10-07 11:06:43.347835
434,37,177,31,2024-10-07 11:06:43.347837
435,37,180,9,2024-10-07 11:06:43.347839
436,37,181,13,2024-10-07 11:06:43.347840
437,38,80,8,2024-10-07 11:06:43.347893
438,38,81,2,2024-10-07 11:06:43.347897
439,38,84,19,2024-10-07 11:06:43.347902
440,38,117,77,2024-10-07 11:06:43.347954
441,38,118,0,2024-10-07 11:06:43.347956
442,38,119,30,2024-10-07 11:06:43.347959
443,38,120,6,2024-10-07 11:06:43.347960
444,38,122,2,2024-10-07 11:06:43.347963
445,38,123,26,2024-10-07 11:06:43.347964
446,39,273,11,2024-10-07 11:06:43.348010
447,39,274,42,2024-10-07 11:06:43.348012
448,39,216,5,2024-10-07 11:06:43.348057
449,39,217,11,2024-10-07 11:06:43.348060
450,39,218,55,2024-10-07 11:06:43.348064
451,39,219,47,2024-10-07 11:06:43.348067
452,39,220,18,2024-10-07 11:06:43.348069
453,39,221,10,2024-10-07 11:06:43.348072
454,40,354,7,2024-10-07 11:06:43.348120
455,40,355,39,2024-10-07 11:06:43.348122
456,40,356,1,2024-10-07 11:06:43.348124
457,40,60,26,2024-10-07 11:06:43.348164
458,40,61,13,2024-10-07 11:06:43.348169
459,40,62,15,2024-10-07 11:06:43.348172
460,40,63,16,2024-10-07 11:06:43.348174
461,40,64,16,2024-10-07 11:06:43.348176
462,40,65,3,2024-10-07 11:06:43.348177
463,40,68,93,2024-10-07 11:06:43.348180
464,40,69,7,2024-10-07 11:06:43.348181
465,40,174,48,2024-10-07 11:06:43.348218
466,40,175,27,2024-10-07 11:06:43.348220
467,40,180,5,2024-10-07 11:06:43.348221
468,40,181,25,2024-10-07 11:06:43.348223
469,40,182,23,2024-10-07 11:06:43.348224
470,40,38,20,2024-10-07 11:06:43.348293
471,40,39,10,2024-10-07 11:06:43.348297
472,40,40,6,2024-10-07 11:06:43.348300
473,40,41,50,2024-10-07 11:06:43.348303
474,40,47,47,2024-10-07 11:06:43.348307
475,40,117,7,2024-10-07 11:06:43.348373
476,40,118,1,2024-10-07 11:06:43.348376
477,40,119,23,2024-10-07 11:06:43.348379
478,40,120,25,2024-10-07 11:06:43.348382
479,40,122,76,2024-10-07 11:06:43.348386
480,41,289,23,2024-10-07 11:06:43.348441
481,41,290,10,2024-10-07 11:06:43.348444
482,41,292,37,2024-10-07 11:06:43.348446
483,41,105,88,2024-10-07 11:06:43.348484
484,41,106,9,2024-10-07 11:06:43.348486
485,41,113,59,2024-10-07 11:06:43.348489
486,41,114,80,2024-10-07 11:06:43.348490
487,41,130,12,2024-10-07 11:06:43.348526
488,41,131,58,2024-10-07 11:06:43.348528
489,41,132,7,2024-10-07 11:06:43.348530
490,41,135,1,2024-10-07 11:06:43.348532
491,41,220,24,2024-10-07 11:06:43.348572
492,41,221,23,2024-10-07 11:06:43.348573
493,41,70,14,2024-10-07 11:06:43.348610
494,41,71,5,2024-10-07 11:06:43.348611
495,41,75,19,2024-10-07 11:06:43.348614
496,41,76,39,2024-10-07 11:06:43.348616
497,41,77,67,2024-10-07 11:06:43.348619
498,42,125,8,2024-10-07 11:06:43.348662
499,42,265,21,2024-10-07 11:06:43.348698
500,42,266,6,2024-10-07 11:06:43.348700
501,42,80,12,2024-10-07 11:06:43.348737
502,42,84,38,2024-10-07 11:06:43.348740
503,42,307,12,2024-10-07 11:06:43.348796
504,42,310,1,2024-10-07 11:06:43.348798
505,42,311,6,2024-10-07 11:06:43.348800
506,42,312,11,2024-10-07 11:06:43.348802
507,43,42,4,2024-10-07 11:06:43.348854
508,43,43,4,2024-10-07 11:06:43.348855
509,43,47,33,2024-10-07 11:06:43.348857
510,43,265,16,2024-10-07 11:06:43.348895
511,43,266,8,2024-10-07 11:06:43.348897
512,43,268,31,2024-10-07 11:06:43.348899
513,43,269,53,2024-10-07 11:06:43.348902
514,43,270,26,2024-10-07 11:06:43.348904
515,43,271,75,2024-10-07 11:06:43.348906
516,43,272,1,2024-10-07 11:06:43.348909
517,43,117,47,2024-10-07 11:06:43.348945
518,43,118,1,2024-10-07 11:06:43.348947
519,43,123,1,2024-10-07 11:06:43.348949
520,44,105,23,2024-10-07 11:06:43.349012
521,44,106,36,2024-10-07 11:06:43.349015
522,44,109,14,2024-10-07 11:06:43.349019
523,44,110,5,2024-10-07 11:06:43.349022
524,44,115,70,2024-10-07 11:06:43.349025
525,44,116,20,2024-10-07 11:06:43.349028
526,44,230,14,2024-10-07 11:06:43.349084
527,44,233,26,2024-10-07 11:06:43.349086
528,44,234,47,2024-10-07 11:06:43.349088
529,44,235,11,2024-10-07 11:06:43.349090
530,44,117,47,2024-10-07 11:06:43.349127
531,44,118,0,2024-10-07 11:06:43.349128
532,44,119,11,2024-10-07 11:06:43.349130
533,44,120,21,2024-10-07 11:06:43.349131
534,44,121,17,2024-10-07 11:06:43.349134
535,44,122,18,2024-10-07 11:06:43.349135
536,44,123,25,2024-10-07 11:06:43.349137
537,44,151,24,2024-10-07 11:06:43.349188
538,44,152,42,2024-10-07 11:06:43.349190
539,44,153,20,2024-10-07 11:06:43.349191
540,44,154,16,2024-10-07 11:06:43.349193
541,44,155,3,2024-10-07 11:06:43.349195
542,44,157,55,2024-10-07 11:06:43.349198
543,44,169,42,2024-10-07 11:06:43.349240
544,45,10,32,2024-10-07 11:06:43.349298
545,45,11,10,2024-10-07 11:06:43.349300
546,45,12,48,2024-10-07 11:06:43.349302
547,45,13,6,2024-10-07 11:06:43.349304
548,45,14,79,2024-10-07 11:06:43.349306
549,45,15,22,2024-10-07 11:06:43.349307
550,45,17,59,2024-10-07 11:06:43.349345
551,45,18,7,2024-10-07 11:06:43.349347
552,45,19,72,2024-10-07 11:06:43.349349
553,45,20,12,2024-10-07 11:06:43.349350
554,45,21,15,2024-10-07 11:06:43.349352
555,45,22,6,2024-10-07 11:06:43.349354
556,45,138,16,2024-10-07 11:06:43.349390
557,45,139,8,2024-10-07 11:06:43.349393
558,45,159,65,2024-10-07 11:06:43.349449
559,45,160,2,2024-10-07 11:06:43.349452
560,45,163,9,2024-10-07 11:06:43.349456
561,45,164,48,2024-10-07 11:06:43.349459
562,45,325,63,2024-10-07 11:06:43.349504
563,45,326,18,2024-10-07 11:06:43.349506
564,45,328,56,2024-10-07 11:06:43.349508
565,45,329,17,2024-10-07 11:06:43.349509
566,45,330,24,2024-10-07 11:06:43.349511
567,45,331,10,2024-10-07 11:06:43.349513
568,45,332,17,2024-10-07 11:06:43.349514
569,46,135,1,2024-10-07 11:06:43.349561
570,46,252,0,2024-10-07 11:06:43.349600
571,46,253,32,2024-10-07 11:06:43.349603
572,46,341,7,2024-10-07 11:06:43.349640
573,46,344,6,2024-10-07 11:06:43.349642
574,46,191,25,2024-10-07 11:06:43.349678
575,46,192,10,2024-10-07 11:06:43.349680
576,46,125,10,2024-10-07 11:06:43.349718
577,46,126,50,2024-10-07 11:06:43.349720
578,46,127,11,2024-10-07 11:06:43.349723
579,46,128,16,2024-10-07 11:06:43.349725
580,46,129,27,2024-10-07 11:06:43.349727
581,47,92,16,2024-10-07 11:06:43.349777
582,47,93,18,2024-10-07 11:06:43.349780
583,47,96,52,2024-10-07 11:06:43.349782
584,47,97,36,2024-10-07 11:06:43.349784
585,47,302,16,2024-10-07 11:06:43.349821
586,47,252,1,2024-10-07 11:06:43.349874
587,47,253,7,2024-10-07 11:06:43.349877
588,47,255,2,2024-10-07 11:06:43.349880
589,47,236,70,2024-10-07 11:06:43.349923
590,47,239,10,2024-10-07 11:06:43.349926
591,48,314,47,2024-10-07 11:06:43.349971
592,48,315,0,2024-10-07 11:06:43.349973
593,48,231,20,2024-10-07 11:06:43.350013
594,48,232,8,2024-10-07 11:06:43.350018
595,48,233,41,2024-10-07 11:06:43.350020
596,48,234,41,2024-10-07 11:06:43.350022
597,48,235,5,2024-10-07 11:06:43.350024
598,49,349,52,2024-10-07 11:06:43.350068
599,49,350,14,2024-10-07 11:06:43.350070
600,49,351,44,2024-10-07 11:06:43.350072
601,49,352,62,2024-10-07 11:06:43.350074
602,49,353,7,2024-10-07 11:06:43.350076
603,49,303,10,2024-10-07 11:06:43.350123
604,49,231,25,2024-10-07 11:06:43.350170
605,49,232,4,2024-10-07 11:06:43.350171
606,49,233,63,2024-10-07 11:06:43.350173
607,50,53,23,2024-10-07 11:06:43.350226
608,50,54,43,2024-10-07 11:06:43.350228
609,50,55,56,2024-10-07 11:06:43.350231
610,50,56,14,2024-10-07 11:06:43.350233
611,50,57,79,2024-10-07 11:06:43.350234
612,50,320,15,2024-10-07 11:06:43.350273
613,51,321,67,2024-10-07 11:06:43.350316
614,51,322,55,2024-10-07 11:06:43.350319
615,51,323,63,2024-10-07 11:06:43.350320
616,51,324,15,2024-10-07 11:06:43.350325
617,51,58,26,2024-10-07 11:06:43.350384
618,51,59,5,2024-10-07 11:06:43.350386
619,51,66,6,2024-10-07 11:06:43.350389
620,51,67,37,2024-10-07 11:06:43.350390
621,51,68,80,2024-10-07 11:06:43.350392
622,51,69,19,2024-10-07 11:06:43.350393
623,51,70,22,2024-10-07 11:06:43.350435
624,51,71,2,2024-10-07 11:06:43.350436
625,51,73,34,2024-10-07 11:06:43.350439
626,51,74,73,2024-10-07 11:06:43.350440
627,51,75,17,2024-10-07 11:06:43.350442
628,51,76,43,2024-10-07 11:06:43.350443
629,51,78,60,2024-10-07 11:06:43.350446
630,51,79,2,2024-10-07 11:06:43.350449
631,52,313,71,2024-10-07 11:06:43.350513
632,52,314,12,2024-10-07 11:06:43.350516
633,52,315,0,2024-10-07 11:06:43.350518
634,52,318,5,2024-10-07 11:06:43.350520
635,52,319,1,2024-10-07 11:06:43.350522
636,52,290,26,2024-10-07 11:06:43.350592
637,52,291,19,2024-10-07 11:06:43.350594
638,52,209,0,2024-10-07 11:06:43.350681
639,52,210,9,2024-10-07 11:06:43.350683
640,52,211,25,2024-10-07 11:06:43.350684
641,52,282,29,2024-10-07 11:06:43.350722
642,52,286,12,2024-10-07 11:06:43.350724
643,52,287,31,2024-10-07 11:06:43.350726
644,53,58,41,2024-10-07 11:06:43.350772
645,53,59,17,2024-10-07 11:06:43.350774
646,53,60,18,2024-10-07 11:06:43.350776
647,53,61,1,2024-10-07 11:06:43.350778
648,53,64,10,2024-10-07 11:06:43.350780
649,53,65,30,2024-10-07 11:06:43.350781
650,53,66,3,2024-10-07 11:06:43.350783
651,53,67,45,2024-10-07 11:06:43.350785
652,53,308,35,2024-10-07 11:06:43.350826
653,53,309,41,2024-10-07 11:06:43.350828
654,53,310,1,2024-10-07 11:06:43.350830
655,53,311,5,2024-10-07 11:06:43.350831
656,53,320,1,2024-10-07 11:06:43.350869
657,53,324,11,2024-10-07 11:06:43.350871
658,54,60,4,2024-10-07 11:06:43.350914
659,54,61,29,2024-10-07 11:06:43.350915
660,54,64,13,2024-10-07 11:06:43.350917
661,54,65,22,2024-10-07 11:06:43.350969
662,54,66,8,2024-10-07 11:06:43.350971
663,54,67,40,2024-10-07 11:06:43.350972
664,54,68,14,2024-10-07 11:06:43.350974
665,54,69,5,2024-10-07 11:06:43.350976
666,54,1,51,2024-10-07 11:06:43.351014
667,54,2,14,2024-10-07 11:06:43.351016
668,54,3,12,2024-10-07 11:06:43.351017
669,54,4,9,2024-10-07 11:06:43.351019
670,55,142,7,2024-10-07 11:06:43.351062
671,55,143,29,2024-10-07 11:06:43.351064
672,55,250,78,2024-10-07 11:06:43.351103
673,55,251,8,2024-10-07 11:06:43.351104
674,55,325,71,2024-10-07 11:06:43.351141
675,55,327,30,2024-10-07 11:06:43.351143
676,55,328,13,2024-10-07 11:06:43.351145
677,55,329,2,2024-10-07 11:06:43.351148
678,56,140,4,2024-10-07 11:06:43.351203
679,56,141,67,2024-10-07 11:06:43.351205
680,56,144,3,2024-10-07 11:06:43.351207
681,56,237,5,2024-10-07 11:06:43.351255
682,56,238,9,2024-10-07 11:06:43.351257
683,56,240,51,2024-10-07 11:06:43.351259
684,56,241,7,2024-10-07 11:06:43.351260
685,57,126,43,2024-10-07 11:06:43.351354
686,57,128,57,2024-10-07 11:06:43.351356
687,57,129,8,2024-10-07 11:06:43.351357
688,57,156,22,2024-10-07 11:06:43.351397
689,57,157,63,2024-10-07 11:06:43.351399
690,57,248,25,2024-10-07 11:06:43.351445
691,57,249,50,2024-10-07 11:06:43.351448
692,57,250,90,2024-10-07 11:06:43.351450
693,57,251,50,2024-10-07 11:06:43.351452
694,58,208,23,2024-10-07 11:06:43.351521
695,58,211,36,2024-10-07 11:06:43.351523
696,58,257,3,2024-10-07 11:06:43.351563
697,58,258,61,2024-10-07 11:06:43.351565
698,58,17,40,2024-10-07 11:06:43.351600
699,58,18,1,2024-10-07 11:06:43.351602
700,58,22,42,2024-10-07 11:06:43.351605
701,58,23,16,2024-10-07 11:06:43.351610
702,58,24,34,2024-10-07 11:06:43.351613
703,58,183,22,2024-10-07 11:06:43.351660
704,58,184,14,2024-10-07 11:06:43.351661
705,58,185,9,2024-10-07 11:06:43.351663
706,58,186,42,2024-10-07 11:06:43.351665
707,58,187,35,2024-10-07 11:06:43.351667
708,58,188,6,2024-10-07 11:06:43.351668
709,58,189,14,2024-10-07 11:06:43.351670
710,58,190,2,2024-10-07 11:06:43.351672
711,59,48,35,2024-10-07 11:06:43.351718
712,59,49,5,2024-10-07 11:06:43.351720
713,59,53,19,2024-10-07 11:06:43.351722
714,59,54,20,2024-10-07 11:06:43.351724
715,59,56,4,2024-10-07 11:06:43.351726
716,59,57,35,2024-10-07 11:06:43.351727
717,59,333,57,2024-10-07 11:06:43.351767
718,59,32,4,2024-10-07 11:06:43.351825
719,59,33,2,2024-10-07 11:06:43.351827
720,59,37,36,2024-10-07 11:06:43.351833
721,60,361,26,2024-10-07 11:06:43.351907
722,60,75,48,2024-10-07 11:06:43.351954
723,60,76,61,2024-10-07 11:06:43.351955
724,60,77,38,2024-10-07 11:06:43.351957
725,60,78,17,2024-10-07 11:06:43.351959
726,60,79,25,2024-10-07 11:06:43.351960
727,60,14,34,2024-10-07 11:06:43.352011
728,60,15,76,2024-10-07 11:06:43.352014
729,60,167,62,2024-10-07 11:06:43.352058
730,60,168,67,2024-10-07 11:06:43.352060
731,60,169,4,2024-10-07 11:06:43.352061
732,60,172,3,2024-10-07 11:06:43.352064
733,60,173,63,2024-10-07 11:06:43.352066
734,60,282,23,2024-10-07 11:06:43.352105
735,60,283,10,2024-10-07 11:06:43.352107
736,60,284,22,2024-10-07 11:06:43.352109
737,61,289,35,2024-10-07 11:06:43.352182
738,61,290,24,2024-10-07 11:06:43.352185
739,61,292,23,2024-10-07 11:06:43.352188
740,61,293,40,2024-10-07 11:06:43.352192
741,61,214,34,2024-10-07 11:06:43.352280
742,61,215,6,2024-10-07 11:06:43.352284
743,61,218,31,2024-10-07 11:06:43.352288
744,61,219,56,2024-10-07 11:06:43.352290
745,61,220,16,2024-10-07 11:06:43.352295
746,61,221,6,2024-10-07 11:06:43.352298
747,61,42,17,2024-10-07 11:06:43.352366
748,61,43,0,2024-10-07 11:06:43.352368
749,61,44,51,2024-10-07 11:06:43.352371
750,61,151,21,2024-10-07 11:06:43.352433
751,61,156,51,2024-10-07 11:06:43.352437
752,61,157,21,2024-10-07 11:06:43.352440
753,61,158,6,2024-10-07 11:06:43.352443
754,62,48,64,2024-10-07 11:06:43.352499
755,62,49,2,2024-10-07 11:06:43.352501
756,62,53,24,2024-10-07 11:06:43.352503
757,62,54,18,2024-10-07 11:06:43.352504
758,62,55,10,2024-10-07 11:06:43.352508
759,62,56,12,2024-10-07 11:06:43.352511
760,62,57,32,2024-10-07 11:06:43.352512
761,62,94,4,2024-10-07 11:06:43.352553
762,62,95,15,2024-10-07 11:06:43.352558
763,62,81,17,2024-10-07 11:06:43.352595
764,62,82,39,2024-10-07 11:06:43.352598
765,62,83,41,2024-10-07 11:06:43.352600
766,62,275,67,2024-10-07 11:06:43.352636
767,62,276,16,2024-10-07 11:06:43.352638
768,63,12,0,2024-10-07 11:06:43.352685
769,63,180,6,2024-10-07 11:06:43.352735
770,63,181,0,2024-10-07 11:06:43.352737
771,63,230,12,2024-10-07 11:06:43.352774
772,63,231,33,2024-10-07 11:06:43.352776
773,63,232,33,2024-10-07 11:06:43.352777
774,63,233,41,2024-10-07 11:06:43.352780
775,63,234,46,2024-10-07 11:06:43.352781
776,63,235,0,2024-10-07 11:06:43.352783
777,63,361,7,2024-10-07 11:06:43.352821
778,63,362,27,2024-10-07 11:06:43.352823
779,63,363,33,2024-10-07 11:06:43.352825
780,63,364,27,2024-10-07 11:06:43.352827
781,63,365,60,2024-10-07 11:06:43.352829
782,63,366,3,2024-10-07 11:06:43.352831
783,63,367,19,2024-10-07 11:06:43.352833
784,64,326,31,2024-10-07 11:06:43.352912
785,64,328,84,2024-10-07 11:06:43.352914
786,64,329,5,2024-10-07 11:06:43.352916
787,64,231,26,2024-10-07 11:06:43.352959
788,64,232,37,2024-10-07 11:06:43.352961
789,64,124,5,2024-10-07 11:06:43.353022
790,64,128,89,2024-10-07 11:06:43.353026
791,64,129,1,2024-10-07 11:06:43.353029
792,65,273,0,2024-10-07 11:06:43.353097
793,65,274,47,2024-10-07 11:06:43.353099
794,65,275,17,2024-10-07 11:06:43.353101
795,65,276,0,2024-10-07 11:06:43.353102
796,65,277,2,2024-10-07 11:06:43.353106
797,65,278,54,2024-10-07 11:06:43.353109
798,65,279,3,2024-10-07 11:06:43.353111
799,65,124,6,2024-10-07 11:06:43.353151
800,65,125,21,2024-10-07 11:06:43.353153
801,65,126,26,2024-10-07 11:06:43.353155
802,65,127,10,2024-10-07 11:06:43.353157
803,66,130,21,2024-10-07 11:06:43.353200
804,66,310,2,2024-10-07 11:06:43.353239
805,66,311,3,2024-10-07 11:06:43.353240
806,66,312,49,2024-10-07 11:06:43.353242
807,66,187,36,2024-10-07 11:06:43.353282
808,66,188,4,2024-10-07 11:06:43.353284
809,66,189,8,2024-10-07 11:06:43.353286
810,66,190,11,2024-10-07 11:06:43.353287
811,67,100,0,2024-10-07 11:06:43.353334
812,67,101,58,2024-10-07 11:06:43.353335
813,67,102,1,2024-10-07 11:06:43.353337
814,67,104,28,2024-10-07 11:06:43.353340
815,67,211,44,2024-10-07 11:06:43.353380
816,67,212,32,2024-10-07 11:06:43.353384
817,67,213,0,2024-10-07 11:06:43.353386
818,67,187,40,2024-10-07 11:06:43.353432
819,67,188,5,2024-10-07 11:06:43.353433
820,67,136,13,2024-10-07 11:06:43.353470
821,67,137,8,2024-10-07 11:06:43.353474
822,67,27,50,2024-10-07 11:06:43.353533
823,67,28,3,2024-10-07 11:06:43.353536
824,67,30,12,2024-10-07 11:06:43.353538
825,67,31,20,2024-10-07 11:06:43.353540
826,68,28,15,2024-10-07 11:06:43.353586
827,68,30,26,2024-10-07 11:06:43.353588
828,68,31,13,2024-10-07 11:06:43.353590
829,68,12,56,2024-10-07 11:06:43.353626
830,68,14,39,2024-10-07 11:06:43.353628
831,68,15,22,2024-10-07 11:06:43.353630
832,69,72,20,2024-10-07 11:06:43.353677
833,69,75,23,2024-10-07 11:06:43.353680
834,69,76,47,2024-10-07 11:06:43.353681
835,69,77,2,2024-10-07 11:06:43.353683
836,69,78,4,2024-10-07 11:06:43.353685
837,69,79,32,2024-10-07 11:06:43.353687
838,69,193,10,2024-10-07 11:06:43.353741
839,69,194,19,2024-10-07 11:06:43.353744
840,69,199,38,2024-10-07 11:06:43.353747
841,69,348,65,2024-10-07 11:06:43.353796
842,69,352,55,2024-10-07 11:06:43.353799
843,69,353,47,2024-10-07 11:06:43.353801
844,70,283,0,2024-10-07 11:06:43.353845
845,70,284,8,2024-10-07 11:06:43.353847
846,70,285,28,2024-10-07 11:06:43.353850
847,70,286,11,2024-10-07 11:06:43.353851
848,70,287,19,2024-10-07 11:06:43.353853
849,70,288,36,2024-10-07 11:06:43.353855
850,70,230,38,2024-10-07 11:06:43.353895
851,70,233,10,2024-10-07 11:06:43.353897
852,71,222,76,2024-10-07 11:06:43.353940
853,71,224,15,2024-10-07 11:06:43.353944
854,71,229,69,2024-10-07 11:06:43.353946
855,71,201,40,2024-10-07 11:06:43.353984
856,71,202,10,2024-10-07 11:06:43.353986
857,71,205,21,2024-10-07 11:06:43.353989
858,71,159,85,2024-10-07 11:06:43.354026
859,71,160,3,2024-10-07 11:06:43.354027
860,71,163,1,2024-10-07 11:06:43.354029
861,71,164,49,2024-10-07 11:06:43.354031
862,71,349,34,2024-10-07 11:06:43.354073
863,71,350,11,2024-10-07 11:06:43.354075
864,71,352,20,2024-10-07 11:06:43.354076
865,71,353,29,2024-10-07 11:06:43.354078
866,72,231,6,2024-10-07 11:06:43.354120
867,72,232,7,2024-10-07 11:06:43.354122
868,72,148,9,2024-10-07 11:06:43.354177
869,72,149,26,2024-10-07 11:06:43.354180
870,73,239,2,2024-10-07 11:06:43.354251
871,73,105,46,2024-10-07 11:06:43.354349
872,73,106,36,2024-10-07 11:06:43.354351
873,73,111,54,2024-10-07 11:06:43.354354
874,73,112,37,2024-10-07 11:06:43.354355
875,73,113,79,2024-10-07 11:06:43.354358
876,73,114,53,2024-10-07 11:06:43.354359
877,73,128,92,2024-10-07 11:06:43.354397
878,73,129,8,2024-10-07 11:06:43.354398
879,73,36,0,2024-10-07 11:06:43.354449
880,74,81,5,2024-10-07 11:06:43.354506
881,74,84,14,2024-10-07 11:06:43.354509
882,74,202,8,2024-10-07 11:06:43.354553
883,74,205,2,2024-10-07 11:06:43.354556
884,74,119,14,2024-10-07 11:06:43.354621
885,74,120,2,2024-10-07 11:06:43.354624
886,74,273,3,2024-10-07 11:06:43.354663
887,74,274,29,2024-10-07 11:06:43.354665
888,74,275,60,2024-10-07 11:06:43.354667
889,74,276,9,2024-10-07 11:06:43.354670
890,74,277,1,2024-10-07 11:06:43.354672
891,74,278,61,2024-10-07 11:06:43.354674
892,74,280,59,2024-10-07 11:06:43.354676
893,74,281,53,2024-10-07 11:06:43.354678
894,75,145,4,2024-10-07 11:06:43.354735
895,75,146,27,2024-10-07 11:06:43.354737
896,75,148,25,2024-10-07 11:06:43.354739
897,75,149,1,2024-10-07 11:06:43.354741
898,75,150,10,2024-10-07 11:06:43.354743
899,75,290,4,2024-10-07 11:06:43.354780
900,75,291,28,2024-10-07 11:06:43.354782
901,75,292,22,2024-10-07 11:06:43.354785
902,75,13,16,2024-10-07 11:06:43.354838
903,75,14,58,2024-10-07 11:06:43.354841
904,75,15,62,2024-10-07 11:06:43.354844
905,75,36,18,2024-10-07 11:06:43.354891
906,76,291,9,2024-10-07 11:06:43.354954
907,76,292,1,2024-10-07 11:06:43.354957
908,76,275,74,2024-10-07 11:06:43.355021
909,76,276,15,2024-10-07 11:06:43.355024
910,76,277,1,2024-10-07 11:06:43.355026
911,76,278,18,2024-10-07 11:06:43.355029
912,76,279,36,2024-10-07 11:06:43.355032
913,76,280,23,2024-10-07 11:06:43.355035
914,76,281,23,2024-10-07 11:06:43.355037
915,76,282,12,2024-10-07 11:06:43.355105
916,76,283,3,2024-10-07 11:06:43.355109
917,76,285,1,2024-10-07 11:06:43.355113
918,76,286,13,2024-10-07 11:06:43.355116
919,76,287,35,2024-10-07 11:06:43.355119
920,76,288,14,2024-10-07 11:06:43.355122
921,77,202,23,2024-10-07 11:06:43.355179
922,77,203,20,2024-10-07 11:06:43.355181
923,77,204,20,2024-10-07 11:06:43.355183
924,77,136,25,2024-10-07 11:06:43.355225
925,77,137,77,2024-10-07 11:06:43.355228
926,77,139,69,2024-10-07 11:06:43.355232
927,77,152,53,2024-10-07 11:06:43.355379
928,77,153,11,2024-10-07 11:06:43.355382
929,77,158,3,2024-10-07 11:06:43.355386
930,78,26,24,2024-10-07 11:06:43.355466
931,78,28,11,2024-10-07 11:06:43.355470
932,78,30,19,2024-10-07 11:06:43.355474
933,78,31,7,2024-10-07 11:06:43.355476
934,78,265,10,2024-10-07 11:06:43.355545
935,78,266,18,2024-10-07 11:06:43.355547
936,78,268,63,2024-10-07 11:06:43.355551
937,78,269,74,2024-10-07 11:06:43.355554
938,78,272,5,2024-10-07 11:06:43.355558
939,78,130,76,2024-10-07 11:06:43.355617
940,78,135,1,2024-10-07 11:06:43.355620
941,78,174,72,2024-10-07 11:06:43.355678
942,78,175,6,2024-10-07 11:06:43.355681
943,78,182,31,2024-10-07 11:06:43.355686
944,79,141,15,2024-10-07 11:06:43.355750
945,79,142,8,2024-10-07 11:06:43.355752
946,79,143,11,2024-10-07 11:06:43.355754
947,79,144,3,2024-10-07 11:06:43.355757
948,79,351,33,2024-10-07 11:06:43.355800
949,79,230,16,2024-10-07 11:06:43.355850
950,79,231,36,2024-10-07 11:06:43.355852
951,79,232,2,2024-10-07 11:06:43.355853
952,80,325,59,2024-10-07 11:06:43.355925
953,80,326,29,2024-10-07 11:06:43.355929
954,80,327,48,2024-10-07 11:06:43.355932
955,80,328,3,2024-10-07 11:06:43.355936
956,80,329,18,2024-10-07 11:06:43.355938
957,80,330,11,2024-10-07 11:06:43.355942
958,80,331,40,2024-10-07 11:06:43.355945
959,80,332,18,2024-10-07 11:06:43.355948
960,80,124,21,2024-10-07 11:06:43.356014
961,80,128,57,2024-10-07 11:06:43.356018
962,80,129,23,2024-10-07 11:06:43.356021
963,80,48,18,2024-10-07 11:06:43.356072
964,80,49,3,2024-10-07 11:06:43.356073
965,80,55,7,2024-10-07 11:06:43.356076
966,80,56,15,2024-10-07 11:06:43.356077
967,80,57,64,2024-10-07 11:06:43.356079
968,80,107,32,2024-10-07 11:06:43.356122
969,80,108,13,2024-10-07 11:06:43.356124
970,80,109,16,2024-10-07 11:06:43.356126
971,80,110,4,2024-10-07 11:06:43.356128
972,80,113,23,2024-10-07 11:06:43.356131
973,80,114,31,2024-10-07 11:06:43.356132
974,80,115,3,2024-10-07 11:06:43.356140
975,80,116,54,2024-10-07 11:06:43.356141
976,81,3,44,2024-10-07 11:06:43.356312
977,81,4,9,2024-10-07 11:06:43.356315
978,81,6,72,2024-10-07 11:06:43.356319
979,81,7,20,2024-10-07 11:06:43.356320
980,81,9,40,2024-10-07 11:06:43.356322
981,81,273,10,2024-10-07 11:06:43.356360
982,81,274,21,2024-10-07 11:06:43.356361
983,81,280,14,2024-10-07 11:06:43.356365
984,81,281,11,2024-10-07 11:06:43.356437
985,81,325,64,2024-10-07 11:06:43.356482
986,81,328,56,2024-10-07 11:06:43.356484
987,81,329,4,2024-10-07 11:06:43.356486
988,82,354,13,2024-10-07 11:06:43.356533
989,82,355,33,2024-10-07 11:06:43.356535
990,82,356,11,2024-10-07 11:06:43.356537
991,82,358,22,2024-10-07 11:06:43.356539
992,82,145,54,2024-10-07 11:06:43.356576
993,82,146,0,2024-10-07 11:06:43.356578
994,82,147,52,2024-10-07 11:06:43.356580
995,82,282,67,2024-10-07 11:06:43.356621
996,82,284,4,2024-10-07 11:06:43.356623
997,82,286,7,2024-10-07 11:06:43.356625
998,82,287,58,2024-10-07 11:06:43.356627
999,82,288,40,2024-10-07 11:06:43.356630
1000,83,38,9,2024-10-07 11:06:43.356697
1001,83,39,23,2024-10-07 11:06:43.356698
1002,83,42,5,2024-10-07 11:06:43.356701
1003,83,43,5,2024-10-07 11:06:43.356702
1004,83,47,28,2024-10-07 11:06:43.356704
1005,83,308,33,2024-10-07 11:06:43.356805
1006,83,309,85,2024-10-07 11:06:43.356807
1007,83,362,42,2024-10-07 11:06:43.356848
1008,83,363,11,2024-10-07 11:06:43.356850
1009,83,334,43,2024-10-07 11:06:43.356886
1010,83,335,25,2024-10-07 11:06:43.356889
1011,83,336,4,2024-10-07 11:06:43.356890
1012,83,337,62,2024-10-07 11:06:43.356893
1013,84,284,13,2024-10-07 11:06:43.356940
1014,84,285,6,2024-10-07 11:06:43.356942
1015,84,286,23,2024-10-07 11:06:43.356944
1016,84,287,37,2024-10-07 11:06:43.356945
1017,84,161,7,2024-10-07 11:06:43.356991
1018,84,162,8,2024-10-07 11:06:43.356994
1019,84,163,6,2024-10-07 11:06:43.356998
1020,84,164,9,2024-10-07 11:06:43.357001
1021,84,165,81,2024-10-07 11:06:43.357004
1022,84,166,4,2024-10-07 11:06:43.357007
1023,84,252,0,2024-10-07 11:06:43.357048
1024,84,253,15,2024-10-07 11:06:43.357050
1025,84,254,90,2024-10-07 11:06:43.357052
1026,84,256,88,2024-10-07 11:06:43.357055
1027,84,257,4,2024-10-07 11:06:43.357056
1028,84,258,64,2024-10-07 11:06:43.357060
1029,84,273,2,2024-10-07 11:06:43.357100
1030,84,274,29,2024-10-07 11:06:43.357101
1031,84,280,68,2024-10-07 11:06:43.357104
1032,84,281,40,2024-10-07 11:06:43.357105
1033,84,167,18,2024-10-07 11:06:43.357141
1034,84,168,90,2024-10-07 11:06:43.357143
1035,84,169,28,2024-10-07 11:06:43.357145
1036,84,172,36,2024-10-07 11:06:43.357147
1037,85,340,4,2024-10-07 11:06:43.357191
1038,85,342,12,2024-10-07 11:06:43.357194
1039,85,343,2,2024-10-07 11:06:43.357196
1040,85,344,12,2024-10-07 11:06:43.357199
1041,85,345,3,2024-10-07 11:06:43.357201
1042,85,36,27,2024-10-07 11:06:43.357239
1043,85,37,6,2024-10-07 11:06:43.357241
1044,86,102,0,2024-10-07 11:06:43.357285
1045,86,222,23,2024-10-07 11:06:43.357339
1046,86,223,46,2024-10-07 11:06:43.357343
1047,86,225,15,2024-10-07 11:06:43.357346
1048,86,226,7,2024-10-07 11:06:43.357349
1049,86,227,6,2024-10-07 11:06:43.357355
1050,86,228,8,2024-10-07 11:06:43.357359
1051,86,229,70,2024-10-07 11:06:43.357362
1052,87,361,26,2024-10-07 11:06:43.357441
1053,87,366,0,2024-10-07 11:06:43.357445
1054,87,367,27,2024-10-07 11:06:43.357448
1055,87,222,41,2024-10-07 11:06:43.357518
1056,87,223,1,2024-10-07 11:06:43.357522
1057,87,224,31,2024-10-07 11:06:43.357526
1058,87,227,2,2024-10-07 11:06:43.357530
1059,87,228,7,2024-10-07 11:06:43.357533
1060,88,216,4,2024-10-07 11:06:43.357613
1061,88,217,8,2024-10-07 11:06:43.357615
1062,88,220,40,2024-10-07 11:06:43.357618
1063,88,221,17,2024-10-07 11:06:43.357620
1064,88,137,31,2024-10-07 11:06:43.357659
1065,88,139,55,2024-10-07 11:06:43.357663
1066,88,10,56,2024-10-07 11:06:43.357710
1067,88,11,1,2024-10-07 11:06:43.357712
1068,88,12,23,2024-10-07 11:06:43.357713
1069,88,320,22,2024-10-07 11:06:43.357772
1070,88,321,13,2024-10-07 11:06:43.357776
1071,88,322,6,2024-10-07 11:06:43.357780
1072,88,323,68,2024-10-07 11:06:43.357783
1073,88,324,42,2024-10-07 11:06:43.357786
1074,89,245,53,2024-10-07 11:06:43.357849
1075,89,246,54,2024-10-07 11:06:43.357853
1076,89,247,34,2024-10-07 11:06:43.357856
1077,89,248,74,2024-10-07 11:06:43.357859
1078,89,249,42,2024-10-07 11:06:43.357862
1079,89,70,12,2024-10-07 11:06:43.357928
1080,89,71,15,2024-10-07 11:06:43.357930
1081,89,72,0,2024-10-07 11:06:43.357932
1082,89,75,48,2024-10-07 11:06:43.357934
1083,89,76,69,2024-10-07 11:06:43.357936
1084,89,77,83,2024-10-07 11:06:43.357938
1085,89,78,34,2024-10-07 11:06:43.357939
1086,89,79,21,2024-10-07 11:06:43.357941
1087,89,202,16,2024-10-07 11:06:43.357981
1088,89,205,47,2024-10-07 11:06:43.357983
1089,89,17,53,2024-10-07 11:06:43.358023
1090,89,18,7,2024-10-07 11:06:43.358025
1091,89,22,5,2024-10-07 11:06:43.358028
1092,89,23,7,2024-10-07 11:06:43.358030
1093,89,24,15,2024-10-07 11:06:43.358032
1094,90,105,85,2024-10-07 11:06:43.358096
1095,90,106,40,2024-10-07 11:06:43.358098
1096,90,107,5,2024-10-07 11:06:43.358100
1097,90,108,44,2024-10-07 11:06:43.358101
1098,90,115,28,2024-10-07 11:06:43.358104
1099,90,116,44,2024-10-07 11:06:43.358106
1100,90,119,36,2024-10-07 11:06:43.358146
1101,90,120,28,2024-10-07 11:06:43.358148
1102,90,121,13,2024-10-07 11:06:43.358150
1103,90,122,73,2024-10-07 11:06:43.358153
1104,90,123,21,2024-10-07 11:06:43.358154
1105,90,159,3,2024-10-07 11:06:43.358194
1106,90,160,18,2024-10-07 11:06:43.358195
1107,90,161,31,2024-10-07 11:06:43.358197
1108,90,162,2,2024-10-07 11:06:43.358199
1109,90,163,18,2024-10-07 11:06:43.358201
1110,90,164,26,2024-10-07 11:06:43.358202
1111,90,165,10,2024-10-07 11:06:43.358205
1112,90,166,4,2024-10-07 11:06:43.358206
1113,90,252,1,2024-10-07 11:06:43.358246
1114,90,253,12,2024-10-07 11:06:43.358248
1115,90,254,29,2024-10-07 11:06:43.358251
1116,90,257,0,2024-10-07 11:06:43.358254
1117,90,258,16,2024-10-07 11:06:43.358256
1118,91,358,34,2024-10-07 11:06:43.358302
1119,91,32,1,2024-10-07 11:06:43.358340
1120,91,33,1,2024-10-07 11:06:43.358342
1121,91,34,36,2024-10-07 11:06:43.358343
1122,91,35,13,2024-10-07 11:06:43.358345
1123,91,36,20,2024-10-07 11:06:43.358347
1124,91,14,0,2024-10-07 11:06:43.358385
1125,91,15,3,2024-10-07 11:06:43.358387
1126,91,346,21,2024-10-07 11:06:43.358430
1127,91,347,37,2024-10-07 11:06:43.358434
1128,91,348,13,2024-10-07 11:06:43.358437
1129,91,349,10,2024-10-07 11:06:43.358440
1130,91,350,17,2024-10-07 11:06:43.358443
1131,91,351,21,2024-10-07 11:06:43.358447
1132,91,26,15,2024-10-07 11:06:43.358497
1133,91,27,62,2024-10-07 11:06:43.358499
1134,91,28,1,2024-10-07 11:06:43.358501
1135,92,307,24,2024-10-07 11:06:43.358550
1136,92,310,2,2024-10-07 11:06:43.358553
1137,92,311,26,2024-10-07 11:06:43.358554
1138,92,301,3,2024-10-07 11:06:43.358591
1139,92,302,23,2024-10-07 11:06:43.358594
1140,92,304,35,2024-10-07 11:06:43.358597
1141,92,305,82,2024-10-07 11:06:43.358599
1142,92,306,55,2024-10-07 11:06:43.358601
1143,92,262,13,2024-10-07 11:06:43.358638
1144,92,263,7,2024-10-07 11:06:43.358641
1145,92,264,5,2024-10-07 11:06:43.358643
1146,92,98,16,2024-10-07 11:06:43.358686
1147,92,99,26,2024-10-07 11:06:43.358689
1148,92,103,21,2024-10-07 11:06:43.358694
1149,92,354,2,2024-10-07 11:06:43.358736
1150,92,358,24,2024-10-07 11:06:43.358739
1151,93,167,31,2024-10-07 11:06:43.358793
1152,93,168,22,2024-10-07 11:06:43.358795
1153,93,169,72,2024-10-07 11:06:43.358797
1154,93,170,25,2024-10-07 11:06:43.358799
1155,93,171,18,2024-10-07 11:06:43.358801
1156,93,172,43,2024-10-07 11:06:43.358803
1157,93,173,0,2024-10-07 11:06:43.358806
1158,93,316,79,2024-10-07 11:06:43.358844
1159,93,317,16,2024-10-07 11:06:43.358846
1160,93,345,41,2024-10-07 11:06:43.358884
1161,94,25,4,2024-10-07 11:06:43.358946
1162,94,26,12,2024-10-07 11:06:43.358949
1163,94,29,84,2024-10-07 11:06:43.358953
1164,94,92,47,2024-10-07 11:06:43.358997
1165,94,93,9,2024-10-07 11:06:43.358999
1166,94,94,7,2024-10-07 11:06:43.359002
1167,94,95,15,2024-10-07 11:06:43.359003
1168,94,96,36,2024-10-07 11:06:43.359005
1169,94,97,8,2024-10-07 11:06:43.359007
1170,95,48,40,2024-10-07 11:06:43.359050
1171,95,49,17,2024-10-07 11:06:43.359052
1172,95,52,34,2024-10-07 11:06:43.359055
1173,95,55,18,2024-10-07 11:06:43.359057
1174,95,100,0,2024-10-07 11:06:43.359097
1175,95,101,44,2024-10-07 11:06:43.359098
1176,95,103,17,2024-10-07 11:06:43.359100
1177,96,313,14,2024-10-07 11:06:43.359156
1178,96,318,60,2024-10-07 11:06:43.359161
1179,96,319,3,2024-10-07 11:06:43.359164
1180,96,124,4,2024-10-07 11:06:43.359206
1181,96,127,3,2024-10-07 11:06:43.359208
1182,96,128,0,2024-10-07 11:06:43.359210
1183,96,129,52,2024-10-07 11:06:43.359211
1184,96,147,56,2024-10-07 11:06:43.359285
1185,96,150,30,2024-10-07 11:06:43.359287
1186,97,126,54,2024-10-07 11:06:43.359364
1187,97,127,2,2024-10-07 11:06:43.359366
1188,97,38,14,2024-10-07 11:06:43.359402
1189,97,39,6,2024-10-07 11:06:43.359403
1190,97,42,5,2024-10-07 11:06:43.359405
1191,97,43,1,2024-10-07 11:06:43.359407
1192,98,313,36,2024-10-07 11:06:43.359456
1193,98,314,9,2024-10-07 11:06:43.359458
1194,98,315,21,2024-10-07 11:06:43.359460
1195,98,321,33,2024-10-07 11:06:43.359496
1196,98,322,23,2024-10-07 11:06:43.359498
1197,98,323,10,2024-10-07 11:06:43.359500
1198,98,324,6,2024-10-07 11:06:43.359502
1199,98,1,4,2024-10-07 11:06:43.359542
1200,98,2,1,2024-10-07 11:06:43.359543
1201,98,8,71,2024-10-07 11:06:43.359546
1202,98,9,3,2024-10-07 11:06:43.359548
1203,98,104,33,2024-10-07 11:06:43.359584
1204,98,140,8,2024-10-07 11:06:43.359619
1205,98,142,0,2024-10-07 11:06:43.359621
1206,98,143,14,2024-10-07 11:06:43.359623
1207,99,252,1,2024-10-07 11:06:43.359687
1208,99,253,36,2024-10-07 11:06:43.359689
1209,99,255,28,2024-10-07 11:06:43.359692
1210,99,256,43,2024-10-07 11:06:43.359694
1211,99,342,39,2024-10-07 11:06:43.359734
1212,99,343,2,2024-10-07 11:06:43.359736
1213,99,344,4,2024-10-07 11:06:43.359738
1214,99,279,8,2024-10-07 11:06:43.359785
1215,99,280,33,2024-10-07 11:06:43.359787
1216,99,281,36,2024-10-07 11:06:43.359789
1217,99,334,5,2024-10-07 11:06:43.359835
1218,99,335,23,2024-10-07 11:06:43.359838
1219,99,336,1,2024-10-07 11:06:43.359841
1220,99,337,80,2024-10-07 11:06:43.359844
1221,99,361,18,2024-10-07 11:06:43.359899
1222,99,364,9,2024-10-07 11:06:43.359902
1223,99,365,16,2024-10-07 11:06:43.359904
1224,99,366,1,2024-10-07 11:06:43.359906
1225,99,367,22,2024-10-07 11:06:43.359909
1226,100,178,40,2024-10-07 11:06:43.359972
1227,100,179,47,2024-10-07 11:06:43.359975
1228,100,180,9,2024-10-07 11:06:43.359979
1229,100,181,6,2024-10-07 11:06:43.359981
1230,100,182,9,2024-10-07 11:06:43.359985
1231,100,16,3,2024-10-07 11:06:43.360048
1232,100,206,87,2024-10-07 11:06:43.360099
1233,100,207,30,2024-10-07 11:06:43.360101
1234,100,209,1,2024-10-07 11:06:43.360106
1235,100,100,17,2024-10-07 11:06:43.360149
1236,100,101,34,2024-10-07 11:06:43.360150
